"","kind","spec","prolific_id","response","response_corrected"
"1","natural kind","water","5a01f46c074b19000125133c","Is not","is_not"
"2","natural kind","water","60c1e5f03dac31bd0fb91294","Is","is"
"3","natural kind","water","61366473fa6785da70d75351","Is not","is_not"
"4","natural kind","water","5b4917b046cf8d0001ae4383","Both","both"
"5","natural kind","water","5bd0c54825db7b00017865f2","Is not","is_not"
"6","natural kind","water","60af4c6b1eabd1783a3078b5","Is not","is_not"
"7","natural kind","water","60080f67b339b627a9b7c69e","Both","both"
"8","natural kind","water","5982ffdb06cd1f0001f8dda6","Both","both"
"9","natural kind","water","609d6d0e71d9db2825a6cc42","Is not","is_not"
"10","natural kind","water","5e904b121b79af01dbfa37cf","Is not","is_not"
"11","natural kind","water","5dcfdf449b61040e3b923621","Is not","is_not"
"12","natural kind","water","610510964bd201870290e2fe","Is","is"
"13","natural kind","water","60eda07f6d6e3abf23a92951","Is not","is_not"
"14","natural kind","water","5cdb487aa63838000162bc73","Both","both"
"15","natural kind","water","6127c89a145f6be7b6527daa","Both","both"
"16","natural kind","water","5dd43922ecd14c4370d02a2e","Is not","is_not"
"17","natural kind","water","60dd24581d271ea1af032339","Is not","is_not"
"18","natural kind","water","5f5b89648901d82d98519918","Is not","is_not"
"19","natural kind","water","59c558114374e1000125c522","Is not","is_not"
"20","natural kind","water","611bdc0a559f692248bf1c54","Both","both"
"21","natural kind","water","62e50a9b4ea7a8e74bbbb158","Is not","is_not"
"22","natural kind","water","59c95afe1e901d0001df8c79","Both","both"
"23","natural kind","water","5a3fa72c1ba4960001029909","Is not","is_not"
"24","natural kind","water","5cc076320004360001ed90dc","Is not","is_not"
"25","natural kind","water","5fcad787ca46657c3d442d57","Is not","is_not"
"26","natural kind","water","5d4892d03eb6bf0018399498","Is not","is_not"
"27","natural kind","water","62a766c5899e18df9ca94d67","Both","both"
"28","natural kind","water","606ca47dac67cbdff9177d6b","Both","both"
"29","natural kind","water","62d2b86ed12d650ea7268dd7","Is not","is_not"
"30","natural kind","water","62ebd8c191cf8e7fe54af5cf","Is not","is_not"
"31","natural kind","water","5f3fad86c15d910261828ca9","Is not","is_not"
"32","natural kind","water","5ffee833adbaca5dec7426c0","Is not","is_not"
"33","natural kind","water","59db44e63e5ea00001e1d163","Is not","is_not"
"34","natural kind","water","60b62b9daab749081c5b88f0","Is not","is_not"
"35","natural kind","water","60fbc21303c4bb03e3ba72b3","Both","both"
"36","natural kind","water","5de7baf95d4f97726bc2b11e","Is not","is_not"
"37","natural kind","water","5fdca8f20f62f41ef567186c","Is not","is_not"
"38","natural kind","water","608b2f8c02e302a56addb5e4","Is not","is_not"
"39","natural kind","water","60c7661114d630707fb8bd8a","Both","both"
"40","natural kind","water","5dcc6f91e5e18690a20e74d1","Both","both"
"41","natural kind","water","5f3eb7a8f14d1312518c5776","Is not","is_not"
"42","natural kind","water","60fd20dbf7e3865f1e6aa65b","Is not","is_not"
"43","natural kind","water","6050cb50a965d6a6eb12361e","Both","both"
"44","natural kind","water","60af52990d170be944d0df18","Both","both"
"45","natural kind","water","62e970edb3e1750e9c322417@email.prolific.co","Both","both"
"46","natural kind","water","5f511cdb275a742f89f0b9bf","Is not","is_not"
"47","natural kind","water","60abfd1c0288766d6053de0d","Is not","is_not"
"48","natural kind","water","5fa154fd4cbe97227182aff7","Both","both"
"49","natural kind","water","60a451dd76cf19ed275d3f49","Is","is"
"50","natural kind","water","598b108e504c5200011964a1","Is not","is_not"
"51","natural kind","water","605c35e1011fef6022b70a3a","Is","is"
"52","control subjective adjective","spicy","5a01f46c074b19000125133c","Is not","is_not"
"53","control subjective adjective","spicy","60c1e5f03dac31bd0fb91294","Is","is"
"54","control subjective adjective","spicy","61366473fa6785da70d75351","Both","both"
"55","control subjective adjective","spicy","5b4917b046cf8d0001ae4383","Both","both"
"56","control subjective adjective","spicy","5bd0c54825db7b00017865f2","Both","both"
"57","control subjective adjective","spicy","60af4c6b1eabd1783a3078b5","Is","is"
"58","control subjective adjective","spicy","60080f67b339b627a9b7c69e","Is","is"
"59","control subjective adjective","spicy","5982ffdb06cd1f0001f8dda6","Is","is"
"60","control subjective adjective","spicy","609d6d0e71d9db2825a6cc42","Both","both"
"61","control subjective adjective","spicy","5e904b121b79af01dbfa37cf","Both","both"
"62","control subjective adjective","spicy","5dcfdf449b61040e3b923621","Both","both"
"63","control subjective adjective","spicy","610510964bd201870290e2fe","Is","is"
"64","control subjective adjective","spicy","60eda07f6d6e3abf23a92951","Both","both"
"65","control subjective adjective","spicy","5cdb487aa63838000162bc73","Both","both"
"66","control subjective adjective","spicy","6127c89a145f6be7b6527daa","Both","both"
"67","control subjective adjective","spicy","5dd43922ecd14c4370d02a2e","Both","both"
"68","control subjective adjective","spicy","60dd24581d271ea1af032339","Both","both"
"69","control subjective adjective","spicy","5f5b89648901d82d98519918","Both","both"
"70","control subjective adjective","spicy","59c558114374e1000125c522","Both","both"
"71","control subjective adjective","spicy","611bdc0a559f692248bf1c54","Both","both"
"72","control subjective adjective","spicy","62e50a9b4ea7a8e74bbbb158","Both","both"
"73","control subjective adjective","spicy","59c95afe1e901d0001df8c79","Is","is"
"74","control subjective adjective","spicy","5a3fa72c1ba4960001029909","Both","both"
"75","control subjective adjective","spicy","5cc076320004360001ed90dc","Both","both"
"76","control subjective adjective","spicy","5fcad787ca46657c3d442d57","Both","both"
"77","control subjective adjective","spicy","5d4892d03eb6bf0018399498","Both","both"
"78","control subjective adjective","spicy","62a766c5899e18df9ca94d67","Both","both"
"79","control subjective adjective","spicy","606ca47dac67cbdff9177d6b","Both","both"
"80","control subjective adjective","spicy","62d2b86ed12d650ea7268dd7","Both","both"
"81","control subjective adjective","spicy","62ebd8c191cf8e7fe54af5cf","Both","both"
"82","control subjective adjective","spicy","5f3fad86c15d910261828ca9","Both","both"
"83","control subjective adjective","spicy","5ffee833adbaca5dec7426c0","Both","both"
"84","control subjective adjective","spicy","59db44e63e5ea00001e1d163","Both","both"
"85","control subjective adjective","spicy","60b62b9daab749081c5b88f0","Both","both"
"86","control subjective adjective","spicy","60fbc21303c4bb03e3ba72b3","Both","both"
"87","control subjective adjective","spicy","5de7baf95d4f97726bc2b11e","Both","both"
"88","control subjective adjective","spicy","5fdca8f20f62f41ef567186c","Both","both"
"89","control subjective adjective","spicy","608b2f8c02e302a56addb5e4","Both","both"
"90","control subjective adjective","spicy","60c7661114d630707fb8bd8a","Both","both"
"91","control subjective adjective","spicy","5dcc6f91e5e18690a20e74d1","Both","both"
"92","control subjective adjective","spicy","5f3eb7a8f14d1312518c5776","Both","both"
"93","control subjective adjective","spicy","60fd20dbf7e3865f1e6aa65b","Both","both"
"94","control subjective adjective","spicy","6050cb50a965d6a6eb12361e","Both","both"
"95","control subjective adjective","spicy","60af52990d170be944d0df18","Is","is"
"96","control subjective adjective","spicy","62e970edb3e1750e9c322417@email.prolific.co","Both","both"
"97","control subjective adjective","spicy","5f511cdb275a742f89f0b9bf","Both","both"
"98","control subjective adjective","spicy","60abfd1c0288766d6053de0d","Is","is"
"99","control subjective adjective","spicy","5fa154fd4cbe97227182aff7","Both","both"
"100","control subjective adjective","spicy","60a451dd76cf19ed275d3f49","Is","is"
"101","control subjective adjective","spicy","598b108e504c5200011964a1","Both","both"
"102","control subjective adjective","spicy","605c35e1011fef6022b70a3a","Both","both"
"103","abstract concept","heavy metal","5a01f46c074b19000125133c","Is","is"
"104","abstract concept","heavy metal","60c1e5f03dac31bd0fb91294","Both","both"
"105","abstract concept","heavy metal","61366473fa6785da70d75351","Both","both"
"106","abstract concept","heavy metal","5b4917b046cf8d0001ae4383","Both","both"
"107","abstract concept","heavy metal","5bd0c54825db7b00017865f2","Both","both"
"108","abstract concept","heavy metal","60af4c6b1eabd1783a3078b5","Is","is"
"109","abstract concept","heavy metal","60080f67b339b627a9b7c69e","Is","is"
"110","abstract concept","heavy metal","5982ffdb06cd1f0001f8dda6","Both","both"
"111","abstract concept","heavy metal","609d6d0e71d9db2825a6cc42","Both","both"
"112","abstract concept","heavy metal","5e904b121b79af01dbfa37cf","Is","is"
"113","abstract concept","heavy metal","5dcfdf449b61040e3b923621","Is","is"
"114","abstract concept","heavy metal","610510964bd201870290e2fe","Both","both"
"115","abstract concept","heavy metal","60eda07f6d6e3abf23a92951","Both","both"
"116","abstract concept","heavy metal","5cdb487aa63838000162bc73","Both","both"
"117","abstract concept","heavy metal","6127c89a145f6be7b6527daa","Is","is"
"118","abstract concept","heavy metal","5dd43922ecd14c4370d02a2e","Is","is"
"119","abstract concept","heavy metal","60dd24581d271ea1af032339","Both","both"
"120","abstract concept","heavy metal","5f5b89648901d82d98519918","Both","both"
"121","abstract concept","heavy metal","59c558114374e1000125c522","Both","both"
"122","abstract concept","heavy metal","611bdc0a559f692248bf1c54","Both","both"
"123","abstract concept","heavy metal","62e50a9b4ea7a8e74bbbb158","Both","both"
"124","abstract concept","heavy metal","59c95afe1e901d0001df8c79","Is","is"
"125","abstract concept","heavy metal","5a3fa72c1ba4960001029909","Both","both"
"126","abstract concept","heavy metal","5cc076320004360001ed90dc","Both","both"
"127","abstract concept","heavy metal","5fcad787ca46657c3d442d57","Both","both"
"128","abstract concept","heavy metal","5d4892d03eb6bf0018399498","Both","both"
"129","abstract concept","heavy metal","62a766c5899e18df9ca94d67","Is","is"
"130","abstract concept","heavy metal","606ca47dac67cbdff9177d6b","Is","is"
"131","abstract concept","heavy metal","62d2b86ed12d650ea7268dd7","Is not","is_not"
"132","abstract concept","heavy metal","62ebd8c191cf8e7fe54af5cf","Both","both"
"133","abstract concept","heavy metal","5f3fad86c15d910261828ca9","Is","is"
"134","abstract concept","heavy metal","5ffee833adbaca5dec7426c0","Both","both"
"135","abstract concept","heavy metal","59db44e63e5ea00001e1d163","Both","both"
"136","abstract concept","heavy metal","60b62b9daab749081c5b88f0","Is","is"
"137","abstract concept","heavy metal","60fbc21303c4bb03e3ba72b3","Is","is"
"138","abstract concept","heavy metal","5de7baf95d4f97726bc2b11e","Is","is"
"139","abstract concept","heavy metal","5fdca8f20f62f41ef567186c","Both","both"
"140","abstract concept","heavy metal","608b2f8c02e302a56addb5e4","Is not","is_not"
"141","abstract concept","heavy metal","60c7661114d630707fb8bd8a","Both","both"
"142","abstract concept","heavy metal","5dcc6f91e5e18690a20e74d1","Both","both"
"143","abstract concept","heavy metal","5f3eb7a8f14d1312518c5776","Both","both"
"144","abstract concept","heavy metal","60fd20dbf7e3865f1e6aa65b","Both","both"
"145","abstract concept","heavy metal","6050cb50a965d6a6eb12361e","Both","both"
"146","abstract concept","heavy metal","60af52990d170be944d0df18","Both","both"
"147","abstract concept","heavy metal","62e970edb3e1750e9c322417@email.prolific.co","Is","is"
"148","abstract concept","heavy metal","5f511cdb275a742f89f0b9bf","Both","both"
"149","abstract concept","heavy metal","60abfd1c0288766d6053de0d","Is","is"
"150","abstract concept","heavy metal","5fa154fd4cbe97227182aff7","Both","both"
"151","abstract concept","heavy metal","60a451dd76cf19ed275d3f49","Is","is"
"152","abstract concept","heavy metal","598b108e504c5200011964a1","Both","both"
"153","abstract concept","heavy metal","605c35e1011fef6022b70a3a","Both","both"
"154","natural kind","tiger","5a01f46c074b19000125133c","Both","both"
"155","natural kind","tiger","60c1e5f03dac31bd0fb91294","Both","both"
"156","natural kind","tiger","61366473fa6785da70d75351","Is not","is_not"
"157","natural kind","tiger","5b4917b046cf8d0001ae4383","Both","both"
"158","natural kind","tiger","5bd0c54825db7b00017865f2","Is not","is_not"
"159","natural kind","tiger","60af4c6b1eabd1783a3078b5","Is","is"
"160","natural kind","tiger","60080f67b339b627a9b7c69e","Is not","is_not"
"161","natural kind","tiger","5982ffdb06cd1f0001f8dda6","Is not","is_not"
"162","natural kind","tiger","609d6d0e71d9db2825a6cc42","Is not","is_not"
"163","natural kind","tiger","5e904b121b79af01dbfa37cf","Both","both"
"164","natural kind","tiger","5dcfdf449b61040e3b923621","Is not","is_not"
"165","natural kind","tiger","610510964bd201870290e2fe","Is not","is_not"
"166","natural kind","tiger","60eda07f6d6e3abf23a92951","Is not","is_not"
"167","natural kind","tiger","5cdb487aa63838000162bc73","Both","both"
"168","natural kind","tiger","6127c89a145f6be7b6527daa","Is not","is_not"
"169","natural kind","tiger","5dd43922ecd14c4370d02a2e","Is not","is_not"
"170","natural kind","tiger","60dd24581d271ea1af032339","Is not","is_not"
"171","natural kind","tiger","5f5b89648901d82d98519918","Is not","is_not"
"172","natural kind","tiger","59c558114374e1000125c522","Is not","is_not"
"173","natural kind","tiger","611bdc0a559f692248bf1c54","Is not","is_not"
"174","natural kind","tiger","62e50a9b4ea7a8e74bbbb158","Is not","is_not"
"175","natural kind","tiger","59c95afe1e901d0001df8c79","Both","both"
"176","natural kind","tiger","5a3fa72c1ba4960001029909","Is not","is_not"
"177","natural kind","tiger","5cc076320004360001ed90dc","Is not","is_not"
"178","natural kind","tiger","5fcad787ca46657c3d442d57","Is not","is_not"
"179","natural kind","tiger","5d4892d03eb6bf0018399498","Is not","is_not"
"180","natural kind","tiger","62a766c5899e18df9ca94d67","Both","both"
"181","natural kind","tiger","606ca47dac67cbdff9177d6b","Is not","is_not"
"182","natural kind","tiger","62d2b86ed12d650ea7268dd7","Is not","is_not"
"183","natural kind","tiger","62ebd8c191cf8e7fe54af5cf","Both","both"
"184","natural kind","tiger","5f3fad86c15d910261828ca9","Is","is"
"185","natural kind","tiger","5ffee833adbaca5dec7426c0","Both","both"
"186","natural kind","tiger","59db44e63e5ea00001e1d163","Is not","is_not"
"187","natural kind","tiger","60b62b9daab749081c5b88f0","Both","both"
"188","natural kind","tiger","60fbc21303c4bb03e3ba72b3","Both","both"
"189","natural kind","tiger","5de7baf95d4f97726bc2b11e","Is","is"
"190","natural kind","tiger","5fdca8f20f62f41ef567186c","Is not","is_not"
"191","natural kind","tiger","608b2f8c02e302a56addb5e4","Is","is"
"192","natural kind","tiger","60c7661114d630707fb8bd8a","Both","both"
"193","natural kind","tiger","5dcc6f91e5e18690a20e74d1","Is not","is_not"
"194","natural kind","tiger","5f3eb7a8f14d1312518c5776","Is not","is_not"
"195","natural kind","tiger","60fd20dbf7e3865f1e6aa65b","Both","both"
"196","natural kind","tiger","6050cb50a965d6a6eb12361e","Is not","is_not"
"197","natural kind","tiger","60af52990d170be944d0df18","Is not","is_not"
"198","natural kind","tiger","62e970edb3e1750e9c322417@email.prolific.co","Is not","is_not"
"199","natural kind","tiger","5f511cdb275a742f89f0b9bf","Both","both"
"200","natural kind","tiger","60abfd1c0288766d6053de0d","Both","both"
"201","natural kind","tiger","5fa154fd4cbe97227182aff7","Both","both"
"202","natural kind","tiger","60a451dd76cf19ed275d3f49","Both","both"
"203","natural kind","tiger","598b108e504c5200011964a1","Is not","is_not"
"204","natural kind","tiger","605c35e1011fef6022b70a3a","Both","both"
"205","artifact","fork","5a01f46c074b19000125133c","Both","both"
"206","artifact","fork","60c1e5f03dac31bd0fb91294","Is","is"
"207","artifact","fork","61366473fa6785da70d75351","Both","both"
"208","artifact","fork","5b4917b046cf8d0001ae4383","Both","both"
"209","artifact","fork","5bd0c54825db7b00017865f2","Is","is"
"210","artifact","fork","60af4c6b1eabd1783a3078b5","Is","is"
"211","artifact","fork","60080f67b339b627a9b7c69e","Is not","is_not"
"212","artifact","fork","5982ffdb06cd1f0001f8dda6","Is not","is_not"
"213","artifact","fork","609d6d0e71d9db2825a6cc42","Both","both"
"214","artifact","fork","5e904b121b79af01dbfa37cf","Is not","is_not"
"215","artifact","fork","5dcfdf449b61040e3b923621","Is not","is_not"
"216","artifact","fork","610510964bd201870290e2fe","Is","is"
"217","artifact","fork","60eda07f6d6e3abf23a92951","Both","both"
"218","artifact","fork","5cdb487aa63838000162bc73","Is","is"
"219","artifact","fork","6127c89a145f6be7b6527daa","Is not","is_not"
"220","artifact","fork","5dd43922ecd14c4370d02a2e","Both","both"
"221","artifact","fork","60dd24581d271ea1af032339","Is not","is_not"
"222","artifact","fork","5f5b89648901d82d98519918","Is","is"
"223","artifact","fork","59c558114374e1000125c522","Is","is"
"224","artifact","fork","611bdc0a559f692248bf1c54","Both","both"
"225","artifact","fork","62e50a9b4ea7a8e74bbbb158","Both","both"
"226","artifact","fork","59c95afe1e901d0001df8c79","Is","is"
"227","artifact","fork","5a3fa72c1ba4960001029909","Is","is"
"228","artifact","fork","5cc076320004360001ed90dc","Is not","is_not"
"229","artifact","fork","5fcad787ca46657c3d442d57","Is","is"
"230","artifact","fork","5d4892d03eb6bf0018399498","Both","both"
"231","artifact","fork","62a766c5899e18df9ca94d67","Both","both"
"232","artifact","fork","606ca47dac67cbdff9177d6b","Is","is"
"233","artifact","fork","62d2b86ed12d650ea7268dd7","Is not","is_not"
"234","artifact","fork","62ebd8c191cf8e7fe54af5cf","Is","is"
"235","artifact","fork","5f3fad86c15d910261828ca9","Is not","is_not"
"236","artifact","fork","5ffee833adbaca5dec7426c0","Is","is"
"237","artifact","fork","59db44e63e5ea00001e1d163","Both","both"
"238","artifact","fork","60b62b9daab749081c5b88f0","Is not","is_not"
"239","artifact","fork","60fbc21303c4bb03e3ba72b3","Is","is"
"240","artifact","fork","5de7baf95d4f97726bc2b11e","Is","is"
"241","artifact","fork","5fdca8f20f62f41ef567186c","Both","both"
"242","artifact","fork","608b2f8c02e302a56addb5e4","Is","is"
"243","artifact","fork","60c7661114d630707fb8bd8a","Both","both"
"244","artifact","fork","5dcc6f91e5e18690a20e74d1","Both","both"
"245","artifact","fork","5f3eb7a8f14d1312518c5776","Both","both"
"246","artifact","fork","60fd20dbf7e3865f1e6aa65b","Both","both"
"247","artifact","fork","6050cb50a965d6a6eb12361e","Is","is"
"248","artifact","fork","60af52990d170be944d0df18","Is not","is_not"
"249","artifact","fork","62e970edb3e1750e9c322417@email.prolific.co","Both","both"
"250","artifact","fork","5f511cdb275a742f89f0b9bf","Is not","is_not"
"251","artifact","fork","60abfd1c0288766d6053de0d","Is not","is_not"
"252","artifact","fork","5fa154fd4cbe97227182aff7","Both","both"
"253","artifact","fork","60a451dd76cf19ed275d3f49","Both","both"
"254","artifact","fork","598b108e504c5200011964a1","Both","both"
"255","artifact","fork","605c35e1011fef6022b70a3a","Is","is"
"256","abstract concept","scientist","5a01f46c074b19000125133c","Is not","is_not"
"257","abstract concept","scientist","60c1e5f03dac31bd0fb91294","Both","both"
"258","abstract concept","scientist","61366473fa6785da70d75351","Both","both"
"259","abstract concept","scientist","5b4917b046cf8d0001ae4383","Both","both"
"260","abstract concept","scientist","5bd0c54825db7b00017865f2","Both","both"
"261","abstract concept","scientist","60af4c6b1eabd1783a3078b5","Is","is"
"262","abstract concept","scientist","60080f67b339b627a9b7c69e","Both","both"
"263","abstract concept","scientist","5982ffdb06cd1f0001f8dda6","Is not","is_not"
"264","abstract concept","scientist","609d6d0e71d9db2825a6cc42","Is not","is_not"
"265","abstract concept","scientist","5e904b121b79af01dbfa37cf","Is not","is_not"
"266","abstract concept","scientist","5dcfdf449b61040e3b923621","Is","is"
"267","abstract concept","scientist","610510964bd201870290e2fe","Is","is"
"268","abstract concept","scientist","60eda07f6d6e3abf23a92951","Both","both"
"269","abstract concept","scientist","5cdb487aa63838000162bc73","Is not","is_not"
"270","abstract concept","scientist","6127c89a145f6be7b6527daa","Both","both"
"271","abstract concept","scientist","5dd43922ecd14c4370d02a2e","Is not","is_not"
"272","abstract concept","scientist","60dd24581d271ea1af032339","Is not","is_not"
"273","abstract concept","scientist","5f5b89648901d82d98519918","Both","both"
"274","abstract concept","scientist","59c558114374e1000125c522","Is not","is_not"
"275","abstract concept","scientist","611bdc0a559f692248bf1c54","Is","is"
"276","abstract concept","scientist","62e50a9b4ea7a8e74bbbb158","Is not","is_not"
"277","abstract concept","scientist","59c95afe1e901d0001df8c79","Is not","is_not"
"278","abstract concept","scientist","5a3fa72c1ba4960001029909","Both","both"
"279","abstract concept","scientist","5cc076320004360001ed90dc","Both","both"
"280","abstract concept","scientist","5fcad787ca46657c3d442d57","Both","both"
"281","abstract concept","scientist","5d4892d03eb6bf0018399498","Is not","is_not"
"282","abstract concept","scientist","62a766c5899e18df9ca94d67","Both","both"
"283","abstract concept","scientist","606ca47dac67cbdff9177d6b","Is not","is_not"
"284","abstract concept","scientist","62d2b86ed12d650ea7268dd7","Both","both"
"285","abstract concept","scientist","62ebd8c191cf8e7fe54af5cf","Is","is"
"286","abstract concept","scientist","5f3fad86c15d910261828ca9","Is not","is_not"
"287","abstract concept","scientist","5ffee833adbaca5dec7426c0","Is","is"
"288","abstract concept","scientist","59db44e63e5ea00001e1d163","Is","is"
"289","abstract concept","scientist","60b62b9daab749081c5b88f0","Both","both"
"290","abstract concept","scientist","60fbc21303c4bb03e3ba72b3","Is not","is_not"
"291","abstract concept","scientist","5de7baf95d4f97726bc2b11e","Is not","is_not"
"292","abstract concept","scientist","5fdca8f20f62f41ef567186c","Both","both"
"293","abstract concept","scientist","608b2f8c02e302a56addb5e4","Both","both"
"294","abstract concept","scientist","60c7661114d630707fb8bd8a","Both","both"
"295","abstract concept","scientist","5dcc6f91e5e18690a20e74d1","Is not","is_not"
"296","abstract concept","scientist","5f3eb7a8f14d1312518c5776","Both","both"
"297","abstract concept","scientist","60fd20dbf7e3865f1e6aa65b","Both","both"
"298","abstract concept","scientist","6050cb50a965d6a6eb12361e","Both","both"
"299","abstract concept","scientist","60af52990d170be944d0df18","Both","both"
"300","abstract concept","scientist","62e970edb3e1750e9c322417@email.prolific.co","Is not","is_not"
"301","abstract concept","scientist","5f511cdb275a742f89f0b9bf","Is","is"
"302","abstract concept","scientist","60abfd1c0288766d6053de0d","Is not","is_not"
"303","abstract concept","scientist","5fa154fd4cbe97227182aff7","Both","both"
"304","abstract concept","scientist","60a451dd76cf19ed275d3f49","Both","both"
"305","abstract concept","scientist","598b108e504c5200011964a1","Is not","is_not"
"306","natural kind","helium","5a01f46c074b19000125133c","Is not","is_not"
"307","natural kind","helium","60c1e5f03dac31bd0fb91294","Is","is"
"308","natural kind","helium","61366473fa6785da70d75351","Both","both"
"309","natural kind","helium","5b4917b046cf8d0001ae4383","Both","both"
"310","natural kind","helium","5bd0c54825db7b00017865f2","Is not","is_not"
"311","natural kind","helium","60af4c6b1eabd1783a3078b5","Is not","is_not"
"312","natural kind","helium","60080f67b339b627a9b7c69e","Both","both"
"313","natural kind","helium","5982ffdb06cd1f0001f8dda6","Both","both"
"314","natural kind","helium","609d6d0e71d9db2825a6cc42","Is not","is_not"
"315","natural kind","helium","5e904b121b79af01dbfa37cf","Is not","is_not"
"316","natural kind","helium","5dcfdf449b61040e3b923621","Is not","is_not"
"317","natural kind","helium","610510964bd201870290e2fe","Is","is"
"318","natural kind","helium","60eda07f6d6e3abf23a92951","Is not","is_not"
"319","natural kind","helium","5cdb487aa63838000162bc73","Is not","is_not"
"320","natural kind","helium","6127c89a145f6be7b6527daa","Is not","is_not"
"321","natural kind","helium","5dd43922ecd14c4370d02a2e","Is not","is_not"
"322","natural kind","helium","60dd24581d271ea1af032339","Is not","is_not"
"323","natural kind","helium","5f5b89648901d82d98519918","Is not","is_not"
"324","natural kind","helium","59c558114374e1000125c522","Is not","is_not"
"325","natural kind","helium","611bdc0a559f692248bf1c54","Is not","is_not"
"326","natural kind","helium","62e50a9b4ea7a8e74bbbb158","Is not","is_not"
"327","natural kind","helium","59c95afe1e901d0001df8c79","Is not","is_not"
"328","natural kind","helium","5a3fa72c1ba4960001029909","Is","is"
"329","natural kind","helium","5cc076320004360001ed90dc","Is not","is_not"
"330","natural kind","helium","5fcad787ca46657c3d442d57","Is not","is_not"
"331","natural kind","helium","5d4892d03eb6bf0018399498","Is not","is_not"
"332","natural kind","helium","62a766c5899e18df9ca94d67","Is not","is_not"
"333","natural kind","helium","606ca47dac67cbdff9177d6b","Is not","is_not"
"334","natural kind","helium","62d2b86ed12d650ea7268dd7","Is not","is_not"
"335","natural kind","helium","62ebd8c191cf8e7fe54af5cf","Both","both"
"336","natural kind","helium","5f3fad86c15d910261828ca9","Is not","is_not"
"337","natural kind","helium","5ffee833adbaca5dec7426c0","Both","both"
"338","natural kind","helium","59db44e63e5ea00001e1d163","Is not","is_not"
"339","natural kind","helium","60b62b9daab749081c5b88f0","Both","both"
"340","natural kind","helium","60fbc21303c4bb03e3ba72b3","Is","is"
"341","natural kind","helium","5de7baf95d4f97726bc2b11e","Is","is"
"342","natural kind","helium","5fdca8f20f62f41ef567186c","Is not","is_not"
"343","natural kind","helium","608b2f8c02e302a56addb5e4","Is not","is_not"
"344","natural kind","helium","60c7661114d630707fb8bd8a","Both","both"
"345","natural kind","helium","5dcc6f91e5e18690a20e74d1","Is not","is_not"
"346","natural kind","helium","5f3eb7a8f14d1312518c5776","Is not","is_not"
"347","natural kind","helium","60fd20dbf7e3865f1e6aa65b","Is not","is_not"
"348","natural kind","helium","6050cb50a965d6a6eb12361e","Is not","is_not"
"349","natural kind","helium","60af52990d170be944d0df18","Is not","is_not"
"350","natural kind","helium","62e970edb3e1750e9c322417@email.prolific.co","Is not","is_not"
"351","natural kind","helium","5f511cdb275a742f89f0b9bf","Both","both"
"352","natural kind","helium","60abfd1c0288766d6053de0d","Both","both"
"353","natural kind","helium","5fa154fd4cbe97227182aff7","Both","both"
"354","natural kind","helium","60a451dd76cf19ed275d3f49","Both","both"
"355","natural kind","helium","598b108e504c5200011964a1","Is not","is_not"
"356","artifact","kettle","5a01f46c074b19000125133c","Is not","is_not"
"357","artifact","kettle","60c1e5f03dac31bd0fb91294","Is not","is_not"
"358","artifact","kettle","61366473fa6785da70d75351","Both","both"
"359","artifact","kettle","5b4917b046cf8d0001ae4383","Is not","is_not"
"360","artifact","kettle","5bd0c54825db7b00017865f2","Both","both"
"361","artifact","kettle","60af4c6b1eabd1783a3078b5","Is not","is_not"
"362","artifact","kettle","60080f67b339b627a9b7c69e","Is not","is_not"
"363","artifact","kettle","5982ffdb06cd1f0001f8dda6","Is not","is_not"
"364","artifact","kettle","609d6d0e71d9db2825a6cc42","Is not","is_not"
"365","artifact","kettle","5e904b121b79af01dbfa37cf","Is not","is_not"
"366","artifact","kettle","5dcfdf449b61040e3b923621","Is not","is_not"
"367","artifact","kettle","610510964bd201870290e2fe","Is not","is_not"
"368","artifact","kettle","60eda07f6d6e3abf23a92951","Is not","is_not"
"369","artifact","kettle","5cdb487aa63838000162bc73","Is","is"
"370","artifact","kettle","6127c89a145f6be7b6527daa","Is not","is_not"
"371","artifact","kettle","5dd43922ecd14c4370d02a2e","Is not","is_not"
"372","artifact","kettle","60dd24581d271ea1af032339","Is not","is_not"
"373","artifact","kettle","5f5b89648901d82d98519918","Both","both"
"374","artifact","kettle","59c558114374e1000125c522","Is not","is_not"
"375","artifact","kettle","611bdc0a559f692248bf1c54","Is not","is_not"
"376","artifact","kettle","62e50a9b4ea7a8e74bbbb158","Both","both"
"377","artifact","kettle","59c95afe1e901d0001df8c79","Is","is"
"378","artifact","kettle","5a3fa72c1ba4960001029909","Both","both"
"379","artifact","kettle","5cc076320004360001ed90dc","Is not","is_not"
"380","artifact","kettle","5fcad787ca46657c3d442d57","Is","is"
"381","artifact","kettle","5d4892d03eb6bf0018399498","Is not","is_not"
"382","artifact","kettle","62a766c5899e18df9ca94d67","Both","both"
"383","artifact","kettle","606ca47dac67cbdff9177d6b","Is not","is_not"
"384","artifact","kettle","62d2b86ed12d650ea7268dd7","Both","both"
"385","artifact","kettle","62ebd8c191cf8e7fe54af5cf","Is not","is_not"
"386","artifact","kettle","5f3fad86c15d910261828ca9","Is not","is_not"
"387","artifact","kettle","5ffee833adbaca5dec7426c0","Is not","is_not"
"388","artifact","kettle","59db44e63e5ea00001e1d163","Both","both"
"389","artifact","kettle","60b62b9daab749081c5b88f0","Is","is"
"390","artifact","kettle","60fbc21303c4bb03e3ba72b3","Is not","is_not"
"391","artifact","kettle","5de7baf95d4f97726bc2b11e","Is not","is_not"
"392","artifact","kettle","5fdca8f20f62f41ef567186c","Both","both"
"393","artifact","kettle","608b2f8c02e302a56addb5e4","Is not","is_not"
"394","artifact","kettle","60c7661114d630707fb8bd8a","Is not","is_not"
"395","artifact","kettle","5dcc6f91e5e18690a20e74d1","Is not","is_not"
"396","artifact","kettle","5f3eb7a8f14d1312518c5776","Both","both"
"397","artifact","kettle","60fd20dbf7e3865f1e6aa65b","Is not","is_not"
"398","artifact","kettle","6050cb50a965d6a6eb12361e","Is not","is_not"
"399","artifact","kettle","60af52990d170be944d0df18","Is not","is_not"
"400","artifact","kettle","62e970edb3e1750e9c322417@email.prolific.co","Is not","is_not"
"401","artifact","kettle","5f511cdb275a742f89f0b9bf","Is not","is_not"
"402","artifact","kettle","60abfd1c0288766d6053de0d","Is","is"
"403","artifact","kettle","5fa154fd4cbe97227182aff7","Both","both"
"404","artifact","kettle","60a451dd76cf19ed275d3f49","Is not","is_not"
"405","artifact","kettle","598b108e504c5200011964a1","Both","both"
"406","control precise definition","square","5a01f46c074b19000125133c","Is not","is_not"
"407","control precise definition","square","60c1e5f03dac31bd0fb91294","Is not","is_not"
"408","control precise definition","square","61366473fa6785da70d75351","Is not","is_not"
"409","control precise definition","square","5b4917b046cf8d0001ae4383","Is not","is_not"
"410","control precise definition","square","5bd0c54825db7b00017865f2","Is not","is_not"
"411","control precise definition","square","60af4c6b1eabd1783a3078b5","Is not","is_not"
"412","control precise definition","square","60080f67b339b627a9b7c69e","Is not","is_not"
"413","control precise definition","square","5982ffdb06cd1f0001f8dda6","Is not","is_not"
"414","control precise definition","square","609d6d0e71d9db2825a6cc42","Is not","is_not"
"415","control precise definition","square","5e904b121b79af01dbfa37cf","Is","is"
"416","control precise definition","square","5dcfdf449b61040e3b923621","Is not","is_not"
"417","control precise definition","square","610510964bd201870290e2fe","Is not","is_not"
"418","control precise definition","square","60eda07f6d6e3abf23a92951","Is not","is_not"
"419","control precise definition","square","5cdb487aa63838000162bc73","Is not","is_not"
"420","control precise definition","square","6127c89a145f6be7b6527daa","Is not","is_not"
"421","control precise definition","square","5dd43922ecd14c4370d02a2e","Is not","is_not"
"422","control precise definition","square","60dd24581d271ea1af032339","Is not","is_not"
"423","control precise definition","square","5f5b89648901d82d98519918","Is not","is_not"
"424","control precise definition","square","59c558114374e1000125c522","Is not","is_not"
"425","control precise definition","square","611bdc0a559f692248bf1c54","Is not","is_not"
"426","control precise definition","square","62e50a9b4ea7a8e74bbbb158","Is not","is_not"
"427","control precise definition","square","59c95afe1e901d0001df8c79","Is not","is_not"
"428","control precise definition","square","5a3fa72c1ba4960001029909","Is not","is_not"
"429","control precise definition","square","5cc076320004360001ed90dc","Is not","is_not"
"430","control precise definition","square","5fcad787ca46657c3d442d57","Is not","is_not"
"431","control precise definition","square","5d4892d03eb6bf0018399498","Is not","is_not"
"432","control precise definition","square","62a766c5899e18df9ca94d67","Is not","is_not"
"433","control precise definition","square","606ca47dac67cbdff9177d6b","Is not","is_not"
"434","control precise definition","square","62d2b86ed12d650ea7268dd7","Both","both"
"435","control precise definition","square","62ebd8c191cf8e7fe54af5cf","Is not","is_not"
"436","control precise definition","square","5f3fad86c15d910261828ca9","Is not","is_not"
"437","control precise definition","square","5ffee833adbaca5dec7426c0","Is not","is_not"
"438","control precise definition","square","59db44e63e5ea00001e1d163","Is not","is_not"
"439","control precise definition","square","60b62b9daab749081c5b88f0","Is not","is_not"
"440","control precise definition","square","60fbc21303c4bb03e3ba72b3","Is not","is_not"
"441","control precise definition","square","5de7baf95d4f97726bc2b11e","Is","is"
"442","control precise definition","square","5fdca8f20f62f41ef567186c","Is not","is_not"
"443","control precise definition","square","608b2f8c02e302a56addb5e4","Is not","is_not"
"444","control precise definition","square","60c7661114d630707fb8bd8a","Is not","is_not"
"445","control precise definition","square","5dcc6f91e5e18690a20e74d1","Is not","is_not"
"446","control precise definition","square","5f3eb7a8f14d1312518c5776","Is not","is_not"
"447","control precise definition","square","60fd20dbf7e3865f1e6aa65b","Is not","is_not"
"448","control precise definition","square","6050cb50a965d6a6eb12361e","Is not","is_not"
"449","control precise definition","square","60af52990d170be944d0df18","Is not","is_not"
"450","control precise definition","square","62e970edb3e1750e9c322417@email.prolific.co","Is not","is_not"
"451","control precise definition","square","5f511cdb275a742f89f0b9bf","Is not","is_not"
"452","control precise definition","square","60abfd1c0288766d6053de0d","Both","both"
"453","control precise definition","square","5fa154fd4cbe97227182aff7","Both","both"
"454","control precise definition","square","60a451dd76cf19ed275d3f49","Is not","is_not"
"455","control precise definition","square","598b108e504c5200011964a1","Is not","is_not"
"456","abstract concept","mentor","5a01f46c074b19000125133c","Is not","is_not"
"457","abstract concept","mentor","60c1e5f03dac31bd0fb91294","Is","is"
"458","abstract concept","mentor","61366473fa6785da70d75351","Is","is"
"459","abstract concept","mentor","5b4917b046cf8d0001ae4383","Is not","is_not"
"460","abstract concept","mentor","5bd0c54825db7b00017865f2","Both","both"
"461","abstract concept","mentor","60af4c6b1eabd1783a3078b5","Is not","is_not"
"462","abstract concept","mentor","60080f67b339b627a9b7c69e","Both","both"
"463","abstract concept","mentor","5982ffdb06cd1f0001f8dda6","Is not","is_not"
"464","abstract concept","mentor","609d6d0e71d9db2825a6cc42","Both","both"
"465","abstract concept","mentor","5e904b121b79af01dbfa37cf","Is not","is_not"
"466","abstract concept","mentor","5dcfdf449b61040e3b923621","Is not","is_not"
"467","abstract concept","mentor","610510964bd201870290e2fe","Is not","is_not"
"468","abstract concept","mentor","60eda07f6d6e3abf23a92951","Both","both"
"469","abstract concept","mentor","5cdb487aa63838000162bc73","Is not","is_not"
"470","abstract concept","mentor","6127c89a145f6be7b6527daa","Is not","is_not"
"471","abstract concept","mentor","5dd43922ecd14c4370d02a2e","Is not","is_not"
"472","abstract concept","mentor","60dd24581d271ea1af032339","Both","both"
"473","abstract concept","mentor","5f5b89648901d82d98519918","Is not","is_not"
"474","abstract concept","mentor","59c558114374e1000125c522","Is not","is_not"
"475","abstract concept","mentor","611bdc0a559f692248bf1c54","Is not","is_not"
"476","abstract concept","mentor","62e50a9b4ea7a8e74bbbb158","Both","both"
"477","abstract concept","mentor","59c95afe1e901d0001df8c79","Is not","is_not"
"478","abstract concept","mentor","5a3fa72c1ba4960001029909","Is","is"
"479","abstract concept","mentor","5cc076320004360001ed90dc","Both","both"
"480","abstract concept","mentor","5fcad787ca46657c3d442d57","Is not","is_not"
"481","abstract concept","mentor","5d4892d03eb6bf0018399498","Is","is"
"482","abstract concept","mentor","62a766c5899e18df9ca94d67","Is not","is_not"
"483","abstract concept","mentor","606ca47dac67cbdff9177d6b","Both","both"
"484","abstract concept","mentor","62d2b86ed12d650ea7268dd7","Both","both"
"485","abstract concept","mentor","62ebd8c191cf8e7fe54af5cf","Is","is"
"486","abstract concept","mentor","5f3fad86c15d910261828ca9","Both","both"
"487","abstract concept","mentor","5ffee833adbaca5dec7426c0","Both","both"
"488","abstract concept","mentor","59db44e63e5ea00001e1d163","Is not","is_not"
"489","abstract concept","mentor","60b62b9daab749081c5b88f0","Is not","is_not"
"490","abstract concept","mentor","60fbc21303c4bb03e3ba72b3","Both","both"
"491","abstract concept","mentor","5de7baf95d4f97726bc2b11e","Is not","is_not"
"492","abstract concept","mentor","5fdca8f20f62f41ef567186c","Both","both"
"493","abstract concept","mentor","608b2f8c02e302a56addb5e4","Is not","is_not"
"494","abstract concept","mentor","60c7661114d630707fb8bd8a","Both","both"
"495","abstract concept","mentor","5dcc6f91e5e18690a20e74d1","Both","both"
"496","abstract concept","mentor","5f3eb7a8f14d1312518c5776","Both","both"
"497","abstract concept","mentor","60fd20dbf7e3865f1e6aa65b","Both","both"
"498","abstract concept","mentor","6050cb50a965d6a6eb12361e","Is not","is_not"
"499","abstract concept","mentor","60af52990d170be944d0df18","Both","both"
"500","abstract concept","mentor","62e970edb3e1750e9c322417@email.prolific.co","Is not","is_not"
"501","abstract concept","mentor","5f511cdb275a742f89f0b9bf","Is not","is_not"
"502","abstract concept","mentor","60abfd1c0288766d6053de0d","Both","both"
"503","abstract concept","mentor","5fa154fd4cbe97227182aff7","Both","both"
"504","abstract concept","mentor","60a451dd76cf19ed275d3f49","Is not","is_not"
"505","abstract concept","mentor","598b108e504c5200011964a1","Is not","is_not"
"506","natural kind","zebra","5a01f46c074b19000125133c","Is not","is_not"
"507","natural kind","zebra","60c1e5f03dac31bd0fb91294","Is","is"
"508","natural kind","zebra","61366473fa6785da70d75351","Is not","is_not"
"509","natural kind","zebra","5b4917b046cf8d0001ae4383","Both","both"
"510","natural kind","zebra","5bd0c54825db7b00017865f2","Is not","is_not"
"511","natural kind","zebra","60af4c6b1eabd1783a3078b5","Is not","is_not"
"512","natural kind","zebra","60080f67b339b627a9b7c69e","Is","is"
"513","natural kind","zebra","5982ffdb06cd1f0001f8dda6","Is not","is_not"
"514","natural kind","zebra","609d6d0e71d9db2825a6cc42","Both","both"
"515","natural kind","zebra","5e904b121b79af01dbfa37cf","Is not","is_not"
"516","natural kind","zebra","5dcfdf449b61040e3b923621","Is not","is_not"
"517","natural kind","zebra","610510964bd201870290e2fe","Is","is"
"518","natural kind","zebra","60eda07f6d6e3abf23a92951","Is not","is_not"
"519","natural kind","zebra","5cdb487aa63838000162bc73","Is not","is_not"
"520","natural kind","zebra","6127c89a145f6be7b6527daa","Is not","is_not"
"521","natural kind","zebra","5dd43922ecd14c4370d02a2e","Is not","is_not"
"522","natural kind","zebra","60dd24581d271ea1af032339","Is not","is_not"
"523","natural kind","zebra","5f5b89648901d82d98519918","Is","is"
"524","natural kind","zebra","59c558114374e1000125c522","Is not","is_not"
"525","natural kind","zebra","611bdc0a559f692248bf1c54","Is not","is_not"
"526","natural kind","zebra","62e50a9b4ea7a8e74bbbb158","Is not","is_not"
"527","natural kind","zebra","59c95afe1e901d0001df8c79","Both","both"
"528","natural kind","zebra","5a3fa72c1ba4960001029909","Both","both"
"529","natural kind","zebra","5cc076320004360001ed90dc","Is not","is_not"
"530","natural kind","zebra","5fcad787ca46657c3d442d57","Is","is"
"531","natural kind","zebra","5d4892d03eb6bf0018399498","Is not","is_not"
"532","natural kind","zebra","62a766c5899e18df9ca94d67","Both","both"
"533","natural kind","zebra","606ca47dac67cbdff9177d6b","Is not","is_not"
"534","natural kind","zebra","62d2b86ed12d650ea7268dd7","Is not","is_not"
"535","natural kind","zebra","62ebd8c191cf8e7fe54af5cf","Both","both"
"536","natural kind","zebra","5f3fad86c15d910261828ca9","Is","is"
"537","natural kind","zebra","5ffee833adbaca5dec7426c0","Is","is"
"538","natural kind","zebra","59db44e63e5ea00001e1d163","Both","both"
"539","natural kind","zebra","60b62b9daab749081c5b88f0","Both","both"
"540","natural kind","zebra","60fbc21303c4bb03e3ba72b3","Is","is"
"541","natural kind","zebra","5de7baf95d4f97726bc2b11e","Is not","is_not"
"542","natural kind","zebra","5fdca8f20f62f41ef567186c","Is not","is_not"
"543","natural kind","zebra","608b2f8c02e302a56addb5e4","Is not","is_not"
"544","natural kind","zebra","60c7661114d630707fb8bd8a","Both","both"
"545","natural kind","zebra","5dcc6f91e5e18690a20e74d1","Both","both"
"546","natural kind","zebra","5f3eb7a8f14d1312518c5776","Is not","is_not"
"547","natural kind","zebra","60fd20dbf7e3865f1e6aa65b","Both","both"
"548","natural kind","zebra","6050cb50a965d6a6eb12361e","Is not","is_not"
"549","natural kind","zebra","60af52990d170be944d0df18","Both","both"
"550","natural kind","zebra","62e970edb3e1750e9c322417@email.prolific.co","Both","both"
"551","natural kind","zebra","5f511cdb275a742f89f0b9bf","Is not","is_not"
"552","natural kind","zebra","60abfd1c0288766d6053de0d","Is","is"
"553","natural kind","zebra","5fa154fd4cbe97227182aff7","Both","both"
"554","natural kind","zebra","60a451dd76cf19ed275d3f49","Is","is"
"555","natural kind","zebra","598b108e504c5200011964a1","Is not","is_not"
"556","artifact","chair","5a01f46c074b19000125133c","Is not","is_not"
"557","artifact","chair","60c1e5f03dac31bd0fb91294","Is not","is_not"
"558","artifact","chair","61366473fa6785da70d75351","Both","both"
"559","artifact","chair","5b4917b046cf8d0001ae4383","Is not","is_not"
"560","artifact","chair","5bd0c54825db7b00017865f2","Both","both"
"561","artifact","chair","60af4c6b1eabd1783a3078b5","Is not","is_not"
"562","artifact","chair","60080f67b339b627a9b7c69e","Is not","is_not"
"563","artifact","chair","5982ffdb06cd1f0001f8dda6","Is not","is_not"
"564","artifact","chair","609d6d0e71d9db2825a6cc42","Is not","is_not"
"565","artifact","chair","5e904b121b79af01dbfa37cf","Both","both"
"566","artifact","chair","5dcfdf449b61040e3b923621","Is not","is_not"
"567","artifact","chair","610510964bd201870290e2fe","Is not","is_not"
"568","artifact","chair","60eda07f6d6e3abf23a92951","Is not","is_not"
"569","artifact","chair","5cdb487aa63838000162bc73","Both","both"
"570","artifact","chair","6127c89a145f6be7b6527daa","Is not","is_not"
"571","artifact","chair","5dd43922ecd14c4370d02a2e","Is not","is_not"
"572","artifact","chair","60dd24581d271ea1af032339","Is not","is_not"
"573","artifact","chair","5f5b89648901d82d98519918","Both","both"
"574","artifact","chair","59c558114374e1000125c522","Is not","is_not"
"575","artifact","chair","611bdc0a559f692248bf1c54","Both","both"
"576","artifact","chair","62e50a9b4ea7a8e74bbbb158","Is not","is_not"
"577","artifact","chair","59c95afe1e901d0001df8c79","Is","is"
"578","artifact","chair","5a3fa72c1ba4960001029909","Is not","is_not"
"579","artifact","chair","5cc076320004360001ed90dc","Is not","is_not"
"580","artifact","chair","5fcad787ca46657c3d442d57","Is","is"
"581","artifact","chair","5d4892d03eb6bf0018399498","Both","both"
"582","artifact","chair","62a766c5899e18df9ca94d67","Is not","is_not"
"583","artifact","chair","606ca47dac67cbdff9177d6b","Is not","is_not"
"584","artifact","chair","62d2b86ed12d650ea7268dd7","Both","both"
"585","artifact","chair","62ebd8c191cf8e7fe54af5cf","Is not","is_not"
"586","artifact","chair","5f3fad86c15d910261828ca9","Is not","is_not"
"587","artifact","chair","5ffee833adbaca5dec7426c0","Both","both"
"588","artifact","chair","59db44e63e5ea00001e1d163","Both","both"
"589","artifact","chair","60b62b9daab749081c5b88f0","Is","is"
"590","artifact","chair","60fbc21303c4bb03e3ba72b3","Is not","is_not"
"591","artifact","chair","5de7baf95d4f97726bc2b11e","Is","is"
"592","artifact","chair","5fdca8f20f62f41ef567186c","Both","both"
"593","artifact","chair","608b2f8c02e302a56addb5e4","Is not","is_not"
"594","artifact","chair","60c7661114d630707fb8bd8a","Is not","is_not"
"595","artifact","chair","5dcc6f91e5e18690a20e74d1","Is not","is_not"
"596","artifact","chair","5f3eb7a8f14d1312518c5776","Both","both"
"597","artifact","chair","60fd20dbf7e3865f1e6aa65b","Is not","is_not"
"598","artifact","chair","6050cb50a965d6a6eb12361e","Is not","is_not"
"599","artifact","chair","60af52990d170be944d0df18","Is not","is_not"
"600","artifact","chair","62e970edb3e1750e9c322417@email.prolific.co","Is not","is_not"
"601","artifact","chair","5f511cdb275a742f89f0b9bf","Is not","is_not"
"602","artifact","chair","60abfd1c0288766d6053de0d","Is","is"
"603","artifact","chair","5fa154fd4cbe97227182aff7","Both","both"
"604","artifact","chair","60a451dd76cf19ed275d3f49","Is not","is_not"
"605","artifact","chair","598b108e504c5200011964a1","Both","both"
"606","abstract concept","argument","5a01f46c074b19000125133c","Is not","is_not"
"607","abstract concept","argument","60c1e5f03dac31bd0fb91294","Both","both"
"608","abstract concept","argument","61366473fa6785da70d75351","Both","both"
"609","abstract concept","argument","5b4917b046cf8d0001ae4383","Is not","is_not"
"610","abstract concept","argument","5bd0c54825db7b00017865f2","Is not","is_not"
"611","abstract concept","argument","60af4c6b1eabd1783a3078b5","Is","is"
"612","abstract concept","argument","60080f67b339b627a9b7c69e","Is not","is_not"
"613","abstract concept","argument","5982ffdb06cd1f0001f8dda6","Is","is"
"614","abstract concept","argument","609d6d0e71d9db2825a6cc42","Is not","is_not"
"615","abstract concept","argument","5e904b121b79af01dbfa37cf","Is not","is_not"
"616","abstract concept","argument","5dcfdf449b61040e3b923621","Is not","is_not"
"617","abstract concept","argument","610510964bd201870290e2fe","Is not","is_not"
"618","abstract concept","argument","60eda07f6d6e3abf23a92951","Is not","is_not"
"619","abstract concept","argument","5cdb487aa63838000162bc73","Is not","is_not"
"620","abstract concept","argument","6127c89a145f6be7b6527daa","Is not","is_not"
"621","abstract concept","argument","5dd43922ecd14c4370d02a2e","Both","both"
"622","abstract concept","argument","60dd24581d271ea1af032339","Both","both"
"623","abstract concept","argument","5f5b89648901d82d98519918","Is not","is_not"
"624","abstract concept","argument","59c558114374e1000125c522","Is not","is_not"
"625","abstract concept","argument","611bdc0a559f692248bf1c54","Is not","is_not"
"626","abstract concept","argument","62e50a9b4ea7a8e74bbbb158","Both","both"
"627","abstract concept","argument","59c95afe1e901d0001df8c79","Is not","is_not"
"628","abstract concept","argument","5a3fa72c1ba4960001029909","Is not","is_not"
"629","abstract concept","argument","5cc076320004360001ed90dc","Both","both"
"630","abstract concept","argument","5fcad787ca46657c3d442d57","Is not","is_not"
"631","abstract concept","argument","5d4892d03eb6bf0018399498","Both","both"
"632","abstract concept","argument","62a766c5899e18df9ca94d67","Is not","is_not"
"633","abstract concept","argument","606ca47dac67cbdff9177d6b","Is not","is_not"
"634","abstract concept","argument","62d2b86ed12d650ea7268dd7","Both","both"
"635","abstract concept","argument","62ebd8c191cf8e7fe54af5cf","Is not","is_not"
"636","abstract concept","argument","5f3fad86c15d910261828ca9","Is not","is_not"
"637","abstract concept","argument","5ffee833adbaca5dec7426c0","Both","both"
"638","abstract concept","argument","59db44e63e5ea00001e1d163","Both","both"
"639","abstract concept","argument","60b62b9daab749081c5b88f0","Is not","is_not"
"640","abstract concept","argument","60fbc21303c4bb03e3ba72b3","Both","both"
"641","abstract concept","argument","5de7baf95d4f97726bc2b11e","Both","both"
"642","abstract concept","argument","5fdca8f20f62f41ef567186c","Both","both"
"643","abstract concept","argument","608b2f8c02e302a56addb5e4","Is","is"
"644","abstract concept","argument","60c7661114d630707fb8bd8a","Both","both"
"645","abstract concept","argument","5dcc6f91e5e18690a20e74d1","Is not","is_not"
"646","abstract concept","argument","5f3eb7a8f14d1312518c5776","Both","both"
"647","abstract concept","argument","60fd20dbf7e3865f1e6aa65b","Is not","is_not"
"648","abstract concept","argument","6050cb50a965d6a6eb12361e","Is not","is_not"
"649","abstract concept","argument","60af52990d170be944d0df18","Both","both"
"650","abstract concept","argument","62e970edb3e1750e9c322417@email.prolific.co","Both","both"
"651","abstract concept","argument","5f511cdb275a742f89f0b9bf","Is","is"
"652","abstract concept","argument","60abfd1c0288766d6053de0d","Both","both"
"653","abstract concept","argument","5fa154fd4cbe97227182aff7","Both","both"
"654","abstract concept","argument","60a451dd76cf19ed275d3f49","Is","is"
"655","abstract concept","argument","598b108e504c5200011964a1","Is not","is_not"
"656","natural kind","raccoon","5a01f46c074b19000125133c","Is","is"
"657","natural kind","raccoon","60c1e5f03dac31bd0fb91294","Is","is"
"658","natural kind","raccoon","61366473fa6785da70d75351","Is not","is_not"
"659","natural kind","raccoon","5b4917b046cf8d0001ae4383","Both","both"
"660","natural kind","raccoon","5bd0c54825db7b00017865f2","Is not","is_not"
"661","natural kind","raccoon","60af4c6b1eabd1783a3078b5","Is not","is_not"
"662","natural kind","raccoon","60080f67b339b627a9b7c69e","Is","is"
"663","natural kind","raccoon","5982ffdb06cd1f0001f8dda6","Both","both"
"664","natural kind","raccoon","609d6d0e71d9db2825a6cc42","Both","both"
"665","natural kind","raccoon","5e904b121b79af01dbfa37cf","Is not","is_not"
"666","natural kind","raccoon","5dcfdf449b61040e3b923621","Is not","is_not"
"667","natural kind","raccoon","610510964bd201870290e2fe","Is","is"
"668","natural kind","raccoon","60eda07f6d6e3abf23a92951","Both","both"
"669","natural kind","raccoon","5cdb487aa63838000162bc73","Is not","is_not"
"670","natural kind","raccoon","6127c89a145f6be7b6527daa","Is not","is_not"
"671","natural kind","raccoon","5dd43922ecd14c4370d02a2e","Is not","is_not"
"672","natural kind","raccoon","60dd24581d271ea1af032339","Is not","is_not"
"673","natural kind","raccoon","5f5b89648901d82d98519918","Both","both"
"674","natural kind","raccoon","59c558114374e1000125c522","Is not","is_not"
"675","natural kind","raccoon","611bdc0a559f692248bf1c54","Is not","is_not"
"676","natural kind","raccoon","62e50a9b4ea7a8e74bbbb158","Is not","is_not"
"677","natural kind","raccoon","59c95afe1e901d0001df8c79","Both","both"
"678","natural kind","raccoon","5a3fa72c1ba4960001029909","Both","both"
"679","natural kind","raccoon","5cc076320004360001ed90dc","Is not","is_not"
"680","natural kind","raccoon","5fcad787ca46657c3d442d57","Is","is"
"681","natural kind","raccoon","5d4892d03eb6bf0018399498","Is not","is_not"
"682","natural kind","raccoon","62a766c5899e18df9ca94d67","Both","both"
"683","natural kind","raccoon","606ca47dac67cbdff9177d6b","Is not","is_not"
"684","natural kind","raccoon","62d2b86ed12d650ea7268dd7","Is not","is_not"
"685","natural kind","raccoon","62ebd8c191cf8e7fe54af5cf","Both","both"
"686","natural kind","raccoon","5f3fad86c15d910261828ca9","Is","is"
"687","natural kind","raccoon","5ffee833adbaca5dec7426c0","Both","both"
"688","natural kind","raccoon","59db44e63e5ea00001e1d163","Is not","is_not"
"689","natural kind","raccoon","60b62b9daab749081c5b88f0","Is not","is_not"
"690","natural kind","raccoon","60fbc21303c4bb03e3ba72b3","Is","is"
"691","natural kind","raccoon","5de7baf95d4f97726bc2b11e","Is","is"
"692","natural kind","raccoon","5fdca8f20f62f41ef567186c","Is not","is_not"
"693","natural kind","raccoon","608b2f8c02e302a56addb5e4","Is not","is_not"
"694","natural kind","raccoon","60c7661114d630707fb8bd8a","Both","both"
"695","natural kind","raccoon","5dcc6f91e5e18690a20e74d1","Is not","is_not"
"696","natural kind","raccoon","5f3eb7a8f14d1312518c5776","Is not","is_not"
"697","natural kind","raccoon","60fd20dbf7e3865f1e6aa65b","Both","both"
"698","natural kind","raccoon","6050cb50a965d6a6eb12361e","Is not","is_not"
"699","natural kind","raccoon","60af52990d170be944d0df18","Both","both"
"700","natural kind","raccoon","62e970edb3e1750e9c322417@email.prolific.co","Is not","is_not"
"701","natural kind","raccoon","5f511cdb275a742f89f0b9bf","Is not","is_not"
"702","natural kind","raccoon","60abfd1c0288766d6053de0d","Both","both"
"703","natural kind","raccoon","5fa154fd4cbe97227182aff7","Both","both"
"704","natural kind","raccoon","60a451dd76cf19ed275d3f49","Is","is"
"705","natural kind","raccoon","598b108e504c5200011964a1","Is not","is_not"
"706","artifact","razor","5a01f46c074b19000125133c","Is not","is_not"
"707","artifact","razor","60c1e5f03dac31bd0fb91294","Is not","is_not"
"708","artifact","razor","61366473fa6785da70d75351","Both","both"
"709","artifact","razor","5b4917b046cf8d0001ae4383","Is not","is_not"
"710","artifact","razor","5bd0c54825db7b00017865f2","Both","both"
"711","artifact","razor","60af4c6b1eabd1783a3078b5","Both","both"
"712","artifact","razor","60080f67b339b627a9b7c69e","Is not","is_not"
"713","artifact","razor","5982ffdb06cd1f0001f8dda6","Is not","is_not"
"714","artifact","razor","609d6d0e71d9db2825a6cc42","Is not","is_not"
"715","artifact","razor","5e904b121b79af01dbfa37cf","Is","is"
"716","artifact","razor","5dcfdf449b61040e3b923621","Is","is"
"717","artifact","razor","610510964bd201870290e2fe","Is not","is_not"
"718","artifact","razor","60eda07f6d6e3abf23a92951","Is not","is_not"
"719","artifact","razor","5cdb487aa63838000162bc73","Both","both"
"720","artifact","razor","6127c89a145f6be7b6527daa","Is not","is_not"
"721","artifact","razor","5dd43922ecd14c4370d02a2e","Is not","is_not"
"722","artifact","razor","60dd24581d271ea1af032339","Is not","is_not"
"723","artifact","razor","5f5b89648901d82d98519918","Is not","is_not"
"724","artifact","razor","59c558114374e1000125c522","Is not","is_not"
"725","artifact","razor","611bdc0a559f692248bf1c54","Is not","is_not"
"726","artifact","razor","62e50a9b4ea7a8e74bbbb158","Is not","is_not"
"727","artifact","razor","59c95afe1e901d0001df8c79","Is","is"
"728","artifact","razor","5a3fa72c1ba4960001029909","Both","both"
"729","artifact","razor","5cc076320004360001ed90dc","Is not","is_not"
"730","artifact","razor","5fcad787ca46657c3d442d57","Is not","is_not"
"731","artifact","razor","5d4892d03eb6bf0018399498","Is not","is_not"
"732","artifact","razor","62a766c5899e18df9ca94d67","Is not","is_not"
"733","artifact","razor","606ca47dac67cbdff9177d6b","Is not","is_not"
"734","artifact","razor","62d2b86ed12d650ea7268dd7","Is","is"
"735","artifact","razor","62ebd8c191cf8e7fe54af5cf","Is not","is_not"
"736","artifact","razor","5f3fad86c15d910261828ca9","Is not","is_not"
"737","artifact","razor","5ffee833adbaca5dec7426c0","Both","both"
"738","artifact","razor","59db44e63e5ea00001e1d163","Is not","is_not"
"739","artifact","razor","60b62b9daab749081c5b88f0","Both","both"
"740","artifact","razor","60fbc21303c4bb03e3ba72b3","Is not","is_not"
"741","artifact","razor","5de7baf95d4f97726bc2b11e","Is","is"
"742","artifact","razor","5fdca8f20f62f41ef567186c","Both","both"
"743","artifact","razor","608b2f8c02e302a56addb5e4","Is","is"
"744","artifact","razor","60c7661114d630707fb8bd8a","Is not","is_not"
"745","artifact","razor","5dcc6f91e5e18690a20e74d1","Is not","is_not"
"746","artifact","razor","5f3eb7a8f14d1312518c5776","Both","both"
"747","artifact","razor","60fd20dbf7e3865f1e6aa65b","Both","both"
"748","artifact","razor","6050cb50a965d6a6eb12361e","Is not","is_not"
"749","artifact","razor","60af52990d170be944d0df18","Is not","is_not"
"750","artifact","razor","62e970edb3e1750e9c322417@email.prolific.co","Is not","is_not"
"751","artifact","razor","5f511cdb275a742f89f0b9bf","Is not","is_not"
"752","artifact","razor","60abfd1c0288766d6053de0d","Is","is"
"753","artifact","razor","5fa154fd4cbe97227182aff7","Both","both"
"754","artifact","razor","60a451dd76cf19ed275d3f49","Is","is"
"755","artifact","razor","598b108e504c5200011964a1","Both","both"
"756","abstract concept","artist","5a01f46c074b19000125133c","Is","is"
"757","abstract concept","artist","60c1e5f03dac31bd0fb91294","Is","is"
"758","abstract concept","artist","61366473fa6785da70d75351","Both","both"
"759","abstract concept","artist","5b4917b046cf8d0001ae4383","Both","both"
"760","abstract concept","artist","5bd0c54825db7b00017865f2","Is","is"
"761","abstract concept","artist","60af4c6b1eabd1783a3078b5","Is","is"
"762","abstract concept","artist","60080f67b339b627a9b7c69e","Both","both"
"763","abstract concept","artist","5982ffdb06cd1f0001f8dda6","Both","both"
"764","abstract concept","artist","609d6d0e71d9db2825a6cc42","Is","is"
"765","abstract concept","artist","5e904b121b79af01dbfa37cf","Is","is"
"766","abstract concept","artist","5dcfdf449b61040e3b923621","Is","is"
"767","abstract concept","artist","610510964bd201870290e2fe","Is not","is_not"
"768","abstract concept","artist","60eda07f6d6e3abf23a92951","Is","is"
"769","abstract concept","artist","5cdb487aa63838000162bc73","Both","both"
"770","abstract concept","artist","6127c89a145f6be7b6527daa","Is","is"
"771","abstract concept","artist","5dd43922ecd14c4370d02a2e","Both","both"
"772","abstract concept","artist","60dd24581d271ea1af032339","Is","is"
"773","abstract concept","artist","5f5b89648901d82d98519918","Is","is"
"774","abstract concept","artist","59c558114374e1000125c522","Both","both"
"775","abstract concept","artist","611bdc0a559f692248bf1c54","Is","is"
"776","abstract concept","artist","62e50a9b4ea7a8e74bbbb158","Is","is"
"777","abstract concept","artist","59c95afe1e901d0001df8c79","Is","is"
"778","abstract concept","artist","5a3fa72c1ba4960001029909","Is","is"
"779","abstract concept","artist","5cc076320004360001ed90dc","Both","both"
"780","abstract concept","artist","5fcad787ca46657c3d442d57","Is","is"
"781","abstract concept","artist","5d4892d03eb6bf0018399498","Both","both"
"782","abstract concept","artist","62a766c5899e18df9ca94d67","Is not","is_not"
"783","abstract concept","artist","606ca47dac67cbdff9177d6b","Is","is"
"784","abstract concept","artist","62d2b86ed12d650ea7268dd7","Is","is"
"785","abstract concept","artist","62ebd8c191cf8e7fe54af5cf","Is","is"
"786","abstract concept","artist","5f3fad86c15d910261828ca9","Is","is"
"787","abstract concept","artist","5ffee833adbaca5dec7426c0","Both","both"
"788","abstract concept","artist","59db44e63e5ea00001e1d163","Is","is"
"789","abstract concept","artist","60b62b9daab749081c5b88f0","Is not","is_not"
"790","abstract concept","artist","60fbc21303c4bb03e3ba72b3","Is","is"
"791","abstract concept","artist","5de7baf95d4f97726bc2b11e","Is","is"
"792","abstract concept","artist","5fdca8f20f62f41ef567186c","Both","both"
"793","abstract concept","artist","608b2f8c02e302a56addb5e4","Is not","is_not"
"794","abstract concept","artist","60c7661114d630707fb8bd8a","Both","both"
"795","abstract concept","artist","5dcc6f91e5e18690a20e74d1","Is not","is_not"
"796","abstract concept","artist","5f3eb7a8f14d1312518c5776","Both","both"
"797","abstract concept","artist","60fd20dbf7e3865f1e6aa65b","Is","is"
"798","abstract concept","artist","6050cb50a965d6a6eb12361e","Is","is"
"799","abstract concept","artist","60af52990d170be944d0df18","Is","is"
"800","abstract concept","artist","62e970edb3e1750e9c322417@email.prolific.co","Is","is"
"801","abstract concept","artist","5f511cdb275a742f89f0b9bf","Is","is"
"802","abstract concept","artist","60abfd1c0288766d6053de0d","Both","both"
"803","abstract concept","artist","5fa154fd4cbe97227182aff7","Both","both"
"804","abstract concept","artist","60a451dd76cf19ed275d3f49","Both","both"
"805","abstract concept","artist","598b108e504c5200011964a1","Is not","is_not"
"806","control subjective adjective","tall","5a01f46c074b19000125133c","Both","both"
"807","control subjective adjective","tall","60c1e5f03dac31bd0fb91294","Both","both"
"808","control subjective adjective","tall","61366473fa6785da70d75351","Both","both"
"809","control subjective adjective","tall","5b4917b046cf8d0001ae4383","Both","both"
"810","control subjective adjective","tall","5bd0c54825db7b00017865f2","Both","both"
"811","control subjective adjective","tall","60af4c6b1eabd1783a3078b5","Is","is"
"812","control subjective adjective","tall","60080f67b339b627a9b7c69e","Both","both"
"813","control subjective adjective","tall","5982ffdb06cd1f0001f8dda6","Both","both"
"814","control subjective adjective","tall","609d6d0e71d9db2825a6cc42","Both","both"
"815","control subjective adjective","tall","5e904b121b79af01dbfa37cf","Is","is"
"816","control subjective adjective","tall","5dcfdf449b61040e3b923621","Both","both"
"817","control subjective adjective","tall","610510964bd201870290e2fe","Is","is"
"818","control subjective adjective","tall","60eda07f6d6e3abf23a92951","Both","both"
"819","control subjective adjective","tall","5cdb487aa63838000162bc73","Both","both"
"820","control subjective adjective","tall","6127c89a145f6be7b6527daa","Both","both"
"821","control subjective adjective","tall","5dd43922ecd14c4370d02a2e","Both","both"
"822","control subjective adjective","tall","60dd24581d271ea1af032339","Is","is"
"823","control subjective adjective","tall","5f5b89648901d82d98519918","Both","both"
"824","control subjective adjective","tall","59c558114374e1000125c522","Both","both"
"825","control subjective adjective","tall","611bdc0a559f692248bf1c54","Both","both"
"826","control subjective adjective","tall","62e50a9b4ea7a8e74bbbb158","Both","both"
"827","control subjective adjective","tall","59c95afe1e901d0001df8c79","Is","is"
"828","control subjective adjective","tall","5a3fa72c1ba4960001029909","Both","both"
"829","control subjective adjective","tall","5cc076320004360001ed90dc","Both","both"
"830","control subjective adjective","tall","5fcad787ca46657c3d442d57","Both","both"
"831","control subjective adjective","tall","5d4892d03eb6bf0018399498","Both","both"
"832","control subjective adjective","tall","62a766c5899e18df9ca94d67","Is","is"
"833","control subjective adjective","tall","606ca47dac67cbdff9177d6b","Both","both"
"834","control subjective adjective","tall","62d2b86ed12d650ea7268dd7","Both","both"
"835","control subjective adjective","tall","62ebd8c191cf8e7fe54af5cf","Both","both"
"836","control subjective adjective","tall","5f3fad86c15d910261828ca9","Is","is"
"837","control subjective adjective","tall","5ffee833adbaca5dec7426c0","Both","both"
"838","control subjective adjective","tall","59db44e63e5ea00001e1d163","Both","both"
"839","control subjective adjective","tall","60b62b9daab749081c5b88f0","Both","both"
"840","control subjective adjective","tall","60fbc21303c4bb03e3ba72b3","Is","is"
"841","control subjective adjective","tall","5de7baf95d4f97726bc2b11e","Is","is"
"842","control subjective adjective","tall","5fdca8f20f62f41ef567186c","Both","both"
"843","control subjective adjective","tall","608b2f8c02e302a56addb5e4","Is","is"
"844","control subjective adjective","tall","60c7661114d630707fb8bd8a","Both","both"
"845","control subjective adjective","tall","5dcc6f91e5e18690a20e74d1","Is","is"
"846","control subjective adjective","tall","5f3eb7a8f14d1312518c5776","Both","both"
"847","control subjective adjective","tall","60fd20dbf7e3865f1e6aa65b","Both","both"
"848","control subjective adjective","tall","6050cb50a965d6a6eb12361e","Is not","is_not"
"849","control subjective adjective","tall","60af52990d170be944d0df18","Both","both"
"850","control subjective adjective","tall","62e970edb3e1750e9c322417@email.prolific.co","Both","both"
"851","control subjective adjective","tall","5f511cdb275a742f89f0b9bf","Is","is"
"852","control subjective adjective","tall","60abfd1c0288766d6053de0d","Is","is"
"853","control subjective adjective","tall","5fa154fd4cbe97227182aff7","Both","both"
"854","control subjective adjective","tall","60a451dd76cf19ed275d3f49","Is","is"
"855","control subjective adjective","tall","598b108e504c5200011964a1","Both","both"
"856","artifact","harpoon","5a01f46c074b19000125133c","Is","is"
"857","artifact","harpoon","60c1e5f03dac31bd0fb91294","Is not","is_not"
"858","artifact","harpoon","61366473fa6785da70d75351","Both","both"
"859","artifact","harpoon","5b4917b046cf8d0001ae4383","Both","both"
"860","artifact","harpoon","5bd0c54825db7b00017865f2","Both","both"
"861","artifact","harpoon","60af4c6b1eabd1783a3078b5","Is","is"
"862","artifact","harpoon","60080f67b339b627a9b7c69e","Is not","is_not"
"863","artifact","harpoon","5982ffdb06cd1f0001f8dda6","Both","both"
"864","artifact","harpoon","609d6d0e71d9db2825a6cc42","Is","is"
"865","artifact","harpoon","5e904b121b79af01dbfa37cf","Both","both"
"866","artifact","harpoon","5dcfdf449b61040e3b923621","Is not","is_not"
"867","artifact","harpoon","610510964bd201870290e2fe","Is","is"
"868","artifact","harpoon","60eda07f6d6e3abf23a92951","Both","both"
"869","artifact","harpoon","5cdb487aa63838000162bc73","Is","is"
"870","artifact","harpoon","6127c89a145f6be7b6527daa","Is not","is_not"
"871","artifact","harpoon","5dd43922ecd14c4370d02a2e","Is","is"
"872","artifact","harpoon","60dd24581d271ea1af032339","Is not","is_not"
"873","artifact","harpoon","5f5b89648901d82d98519918","Is not","is_not"
"874","artifact","harpoon","59c558114374e1000125c522","Both","both"
"875","artifact","harpoon","611bdc0a559f692248bf1c54","Both","both"
"876","artifact","harpoon","62e50a9b4ea7a8e74bbbb158","Both","both"
"877","artifact","harpoon","59c95afe1e901d0001df8c79","Is","is"
"878","artifact","harpoon","5a3fa72c1ba4960001029909","Both","both"
"879","artifact","harpoon","5cc076320004360001ed90dc","Is not","is_not"
"880","artifact","harpoon","5fcad787ca46657c3d442d57","Is","is"
"881","artifact","harpoon","5d4892d03eb6bf0018399498","Both","both"
"882","artifact","harpoon","62a766c5899e18df9ca94d67","Is not","is_not"
"883","artifact","harpoon","606ca47dac67cbdff9177d6b","Is","is"
"884","artifact","harpoon","62d2b86ed12d650ea7268dd7","Is","is"
"885","artifact","harpoon","62ebd8c191cf8e7fe54af5cf","Both","both"
"886","artifact","harpoon","5f3fad86c15d910261828ca9","Both","both"
"887","artifact","harpoon","5ffee833adbaca5dec7426c0","Both","both"
"888","artifact","harpoon","59db44e63e5ea00001e1d163","Is not","is_not"
"889","artifact","harpoon","60b62b9daab749081c5b88f0","Both","both"
"890","artifact","harpoon","60fbc21303c4bb03e3ba72b3","Is not","is_not"
"891","artifact","harpoon","5de7baf95d4f97726bc2b11e","Is","is"
"892","artifact","harpoon","5fdca8f20f62f41ef567186c","Both","both"
"893","artifact","harpoon","608b2f8c02e302a56addb5e4","Is","is"
"894","artifact","harpoon","60c7661114d630707fb8bd8a","Both","both"
"895","artifact","harpoon","5dcc6f91e5e18690a20e74d1","Is not","is_not"
"896","artifact","harpoon","5f3eb7a8f14d1312518c5776","Both","both"
"897","artifact","harpoon","60fd20dbf7e3865f1e6aa65b","Both","both"
"898","artifact","harpoon","6050cb50a965d6a6eb12361e","Is","is"
"899","artifact","harpoon","60af52990d170be944d0df18","Is not","is_not"
"900","artifact","harpoon","62e970edb3e1750e9c322417@email.prolific.co","Is not","is_not"
"901","artifact","harpoon","5f511cdb275a742f89f0b9bf","Is","is"
"902","artifact","harpoon","60abfd1c0288766d6053de0d","Is","is"
"903","artifact","harpoon","5fa154fd4cbe97227182aff7","Both","both"
"904","artifact","harpoon","60a451dd76cf19ed275d3f49","Is not","is_not"
"905","artifact","harpoon","598b108e504c5200011964a1","Both","both"
"906","abstract concept","minister","5a01f46c074b19000125133c","Is not","is_not"
"907","abstract concept","minister","60c1e5f03dac31bd0fb91294","Both","both"
"908","abstract concept","minister","61366473fa6785da70d75351","Is not","is_not"
"909","abstract concept","minister","5b4917b046cf8d0001ae4383","Both","both"
"910","abstract concept","minister","5bd0c54825db7b00017865f2","Is not","is_not"
"911","abstract concept","minister","60af4c6b1eabd1783a3078b5","Is not","is_not"
"912","abstract concept","minister","60080f67b339b627a9b7c69e","Is","is"
"913","abstract concept","minister","5982ffdb06cd1f0001f8dda6","Both","both"
"914","abstract concept","minister","609d6d0e71d9db2825a6cc42","Both","both"
"915","abstract concept","minister","5e904b121b79af01dbfa37cf","Is not","is_not"
"916","abstract concept","minister","5dcfdf449b61040e3b923621","Is","is"
"917","abstract concept","minister","610510964bd201870290e2fe","Is not","is_not"
"918","abstract concept","minister","60eda07f6d6e3abf23a92951","Is","is"
"919","abstract concept","minister","5cdb487aa63838000162bc73","Is not","is_not"
"920","abstract concept","minister","6127c89a145f6be7b6527daa","Is","is"
"921","abstract concept","minister","5dd43922ecd14c4370d02a2e","Is","is"
"922","abstract concept","minister","60dd24581d271ea1af032339","Is","is"
"923","abstract concept","minister","5f5b89648901d82d98519918","Is","is"
"924","abstract concept","minister","59c558114374e1000125c522","Is not","is_not"
"925","abstract concept","minister","611bdc0a559f692248bf1c54","Is not","is_not"
"926","abstract concept","minister","62e50a9b4ea7a8e74bbbb158","Is","is"
"927","abstract concept","minister","59c95afe1e901d0001df8c79","Is","is"
"928","abstract concept","minister","5a3fa72c1ba4960001029909","Is not","is_not"
"929","abstract concept","minister","5cc076320004360001ed90dc","Both","both"
"930","abstract concept","minister","5fcad787ca46657c3d442d57","Is not","is_not"
"931","abstract concept","minister","5d4892d03eb6bf0018399498","Is not","is_not"
"932","abstract concept","minister","62a766c5899e18df9ca94d67","Is not","is_not"
"933","abstract concept","minister","606ca47dac67cbdff9177d6b","Is not","is_not"
"934","abstract concept","minister","62d2b86ed12d650ea7268dd7","Is","is"
"935","abstract concept","minister","62ebd8c191cf8e7fe54af5cf","Both","both"
"936","abstract concept","minister","5f3fad86c15d910261828ca9","Is not","is_not"
"937","abstract concept","minister","5ffee833adbaca5dec7426c0","Both","both"
"938","abstract concept","minister","59db44e63e5ea00001e1d163","Is not","is_not"
"939","abstract concept","minister","60b62b9daab749081c5b88f0","Both","both"
"940","abstract concept","minister","60fbc21303c4bb03e3ba72b3","Is not","is_not"
"941","abstract concept","minister","5de7baf95d4f97726bc2b11e","Is not","is_not"
"942","abstract concept","minister","5fdca8f20f62f41ef567186c","Both","both"
"943","abstract concept","minister","608b2f8c02e302a56addb5e4","Is not","is_not"
"944","abstract concept","minister","60c7661114d630707fb8bd8a","Both","both"
"945","abstract concept","minister","5dcc6f91e5e18690a20e74d1","Is not","is_not"
"946","abstract concept","minister","5f3eb7a8f14d1312518c5776","Both","both"
"947","abstract concept","minister","60fd20dbf7e3865f1e6aa65b","Is","is"
"948","abstract concept","minister","6050cb50a965d6a6eb12361e","Is","is"
"949","abstract concept","minister","60af52990d170be944d0df18","Both","both"
"950","abstract concept","minister","62e970edb3e1750e9c322417@email.prolific.co","Both","both"
"951","abstract concept","minister","5f511cdb275a742f89f0b9bf","Is","is"
"952","abstract concept","minister","60abfd1c0288766d6053de0d","Is not","is_not"
"953","abstract concept","minister","5fa154fd4cbe97227182aff7","Both","both"
"954","abstract concept","minister","60a451dd76cf19ed275d3f49","Is not","is_not"
"955","abstract concept","minister","598b108e504c5200011964a1","Is not","is_not"
"956","natural kind","gold","5a01f46c074b19000125133c","Is not","is_not"
"957","natural kind","gold","60c1e5f03dac31bd0fb91294","Is","is"
"958","natural kind","gold","61366473fa6785da70d75351","Is not","is_not"
"959","natural kind","gold","5b4917b046cf8d0001ae4383","Both","both"
"960","natural kind","gold","5bd0c54825db7b00017865f2","Is not","is_not"
"961","natural kind","gold","60af4c6b1eabd1783a3078b5","Is not","is_not"
"962","natural kind","gold","60080f67b339b627a9b7c69e","Both","both"
"963","natural kind","gold","5982ffdb06cd1f0001f8dda6","Both","both"
"964","natural kind","gold","609d6d0e71d9db2825a6cc42","Is not","is_not"
"965","natural kind","gold","5e904b121b79af01dbfa37cf","Is not","is_not"
"966","natural kind","gold","5dcfdf449b61040e3b923621","Is not","is_not"
"967","natural kind","gold","610510964bd201870290e2fe","Is not","is_not"
"968","natural kind","gold","60eda07f6d6e3abf23a92951","Is not","is_not"
"969","natural kind","gold","5cdb487aa63838000162bc73","Is not","is_not"
"970","natural kind","gold","6127c89a145f6be7b6527daa","Is not","is_not"
"971","natural kind","gold","5dd43922ecd14c4370d02a2e","Is not","is_not"
"972","natural kind","gold","60dd24581d271ea1af032339","Both","both"
"973","natural kind","gold","5f5b89648901d82d98519918","Both","both"
"974","natural kind","gold","59c558114374e1000125c522","Is not","is_not"
"975","natural kind","gold","611bdc0a559f692248bf1c54","Is not","is_not"
"976","natural kind","gold","62e50a9b4ea7a8e74bbbb158","Is not","is_not"
"977","natural kind","gold","59c95afe1e901d0001df8c79","Is not","is_not"
"978","natural kind","gold","5a3fa72c1ba4960001029909","Is not","is_not"
"979","natural kind","gold","5cc076320004360001ed90dc","Is not","is_not"
"980","natural kind","gold","5fcad787ca46657c3d442d57","Is","is"
"981","natural kind","gold","5d4892d03eb6bf0018399498","Is not","is_not"
"982","natural kind","gold","62a766c5899e18df9ca94d67","Both","both"
"983","natural kind","gold","606ca47dac67cbdff9177d6b","Is not","is_not"
"984","natural kind","gold","62d2b86ed12d650ea7268dd7","Is not","is_not"
"985","natural kind","gold","62ebd8c191cf8e7fe54af5cf","Is not","is_not"
"986","natural kind","gold","5f3fad86c15d910261828ca9","Is not","is_not"
"987","natural kind","gold","5ffee833adbaca5dec7426c0","Both","both"
"988","natural kind","gold","59db44e63e5ea00001e1d163","Is not","is_not"
"989","natural kind","gold","60b62b9daab749081c5b88f0","Is not","is_not"
"990","natural kind","gold","60fbc21303c4bb03e3ba72b3","Is not","is_not"
"991","natural kind","gold","5de7baf95d4f97726bc2b11e","Is","is"
"992","natural kind","gold","5fdca8f20f62f41ef567186c","Is not","is_not"
"993","natural kind","gold","608b2f8c02e302a56addb5e4","Is not","is_not"
"994","natural kind","gold","60c7661114d630707fb8bd8a","Both","both"
"995","natural kind","gold","5dcc6f91e5e18690a20e74d1","Is not","is_not"
"996","natural kind","gold","5f3eb7a8f14d1312518c5776","Is not","is_not"
"997","natural kind","gold","60fd20dbf7e3865f1e6aa65b","Both","both"
"998","natural kind","gold","6050cb50a965d6a6eb12361e","Is not","is_not"
"999","natural kind","gold","60af52990d170be944d0df18","Both","both"
"1000","natural kind","gold","62e970edb3e1750e9c322417@email.prolific.co","Is not","is_not"
"1001","natural kind","gold","5f511cdb275a742f89f0b9bf","Is not","is_not"
"1002","natural kind","gold","60abfd1c0288766d6053de0d","Is","is"
"1003","natural kind","gold","5fa154fd4cbe97227182aff7","Both","both"
"1004","natural kind","gold","60a451dd76cf19ed275d3f49","Is","is"
"1005","natural kind","gold","598b108e504c5200011964a1","Is not","is_not"
"1006","control precise definition","gallon","5a01f46c074b19000125133c","Is not","is_not"
"1007","control precise definition","gallon","61366473fa6785da70d75351","Is not","is_not"
"1008","control precise definition","gallon","5b4917b046cf8d0001ae4383","Is not","is_not"
"1009","control precise definition","gallon","5bd0c54825db7b00017865f2","Is not","is_not"
"1010","control precise definition","gallon","60af4c6b1eabd1783a3078b5","Is not","is_not"
"1011","control precise definition","gallon","60080f67b339b627a9b7c69e","Is not","is_not"
"1012","control precise definition","gallon","5982ffdb06cd1f0001f8dda6","Is not","is_not"
"1013","control precise definition","gallon","609d6d0e71d9db2825a6cc42","Is not","is_not"
"1014","control precise definition","gallon","5dcfdf449b61040e3b923621","Is not","is_not"
"1015","control precise definition","gallon","610510964bd201870290e2fe","Is","is"
"1016","control precise definition","gallon","60eda07f6d6e3abf23a92951","Is not","is_not"
"1017","control precise definition","gallon","5cdb487aa63838000162bc73","Is not","is_not"
"1018","control precise definition","gallon","6127c89a145f6be7b6527daa","Is not","is_not"
"1019","control precise definition","gallon","5dd43922ecd14c4370d02a2e","Is not","is_not"
"1020","control precise definition","gallon","60dd24581d271ea1af032339","Is not","is_not"
"1021","control precise definition","gallon","5f5b89648901d82d98519918","Is not","is_not"
"1022","control precise definition","gallon","59c558114374e1000125c522","Is not","is_not"
"1023","control precise definition","gallon","611bdc0a559f692248bf1c54","Is not","is_not"
"1024","control precise definition","gallon","62e50a9b4ea7a8e74bbbb158","Is not","is_not"
"1025","control precise definition","gallon","59c95afe1e901d0001df8c79","Is not","is_not"
"1026","control precise definition","gallon","5a3fa72c1ba4960001029909","Is not","is_not"
"1027","control precise definition","gallon","5cc076320004360001ed90dc","Is not","is_not"
"1028","control precise definition","gallon","5fcad787ca46657c3d442d57","Is not","is_not"
"1029","control precise definition","gallon","5d4892d03eb6bf0018399498","Is not","is_not"
"1030","control precise definition","gallon","62a766c5899e18df9ca94d67","Is not","is_not"
"1031","control precise definition","gallon","606ca47dac67cbdff9177d6b","Is not","is_not"
"1032","control precise definition","gallon","62d2b86ed12d650ea7268dd7","Is not","is_not"
"1033","control precise definition","gallon","62ebd8c191cf8e7fe54af5cf","Is not","is_not"
"1034","control precise definition","gallon","5f3fad86c15d910261828ca9","Is not","is_not"
"1035","control precise definition","gallon","5ffee833adbaca5dec7426c0","Is not","is_not"
"1036","control precise definition","gallon","59db44e63e5ea00001e1d163","Is not","is_not"
"1037","control precise definition","gallon","60b62b9daab749081c5b88f0","Is not","is_not"
"1038","control precise definition","gallon","60fbc21303c4bb03e3ba72b3","Is not","is_not"
"1039","control precise definition","gallon","5de7baf95d4f97726bc2b11e","Is not","is_not"
"1040","control precise definition","gallon","5fdca8f20f62f41ef567186c","Is not","is_not"
"1041","control precise definition","gallon","608b2f8c02e302a56addb5e4","Is not","is_not"
"1042","control precise definition","gallon","60c7661114d630707fb8bd8a","Is not","is_not"
"1043","control precise definition","gallon","5dcc6f91e5e18690a20e74d1","Is not","is_not"
"1044","control precise definition","gallon","5f3eb7a8f14d1312518c5776","Is not","is_not"
"1045","control precise definition","gallon","60fd20dbf7e3865f1e6aa65b","Is not","is_not"
"1046","control precise definition","gallon","6050cb50a965d6a6eb12361e","Is not","is_not"
"1047","control precise definition","gallon","60af52990d170be944d0df18","Is not","is_not"
"1048","control precise definition","gallon","62e970edb3e1750e9c322417@email.prolific.co","Is not","is_not"
"1049","control precise definition","gallon","5f511cdb275a742f89f0b9bf","Is not","is_not"
"1050","control precise definition","gallon","60abfd1c0288766d6053de0d","Is","is"
"1051","control precise definition","gallon","60a451dd76cf19ed275d3f49","Is","is"
"1052","control precise definition","gallon","598b108e504c5200011964a1","Is not","is_not"
"1053","artifact","shovel","5a01f46c074b19000125133c","Both","both"
"1054","artifact","shovel","60c1e5f03dac31bd0fb91294","Is not","is_not"
"1055","artifact","shovel","61366473fa6785da70d75351","Both","both"
"1056","artifact","shovel","5b4917b046cf8d0001ae4383","Both","both"
"1057","artifact","shovel","5bd0c54825db7b00017865f2","Is not","is_not"
"1058","artifact","shovel","60af4c6b1eabd1783a3078b5","Is","is"
"1059","artifact","shovel","60080f67b339b627a9b7c69e","Is not","is_not"
"1060","artifact","shovel","5982ffdb06cd1f0001f8dda6","Both","both"
"1061","artifact","shovel","609d6d0e71d9db2825a6cc42","Is not","is_not"
"1062","artifact","shovel","5e904b121b79af01dbfa37cf","Is","is"
"1063","artifact","shovel","5dcfdf449b61040e3b923621","Is not","is_not"
"1064","artifact","shovel","610510964bd201870290e2fe","Is not","is_not"
"1065","artifact","shovel","60eda07f6d6e3abf23a92951","Is not","is_not"
"1066","artifact","shovel","5cdb487aa63838000162bc73","Both","both"
"1067","artifact","shovel","6127c89a145f6be7b6527daa","Is not","is_not"
"1068","artifact","shovel","5dd43922ecd14c4370d02a2e","Is not","is_not"
"1069","artifact","shovel","60dd24581d271ea1af032339","Is not","is_not"
"1070","artifact","shovel","5f5b89648901d82d98519918","Both","both"
"1071","artifact","shovel","59c558114374e1000125c522","Both","both"
"1072","artifact","shovel","611bdc0a559f692248bf1c54","Is not","is_not"
"1073","artifact","shovel","62e50a9b4ea7a8e74bbbb158","Is not","is_not"
"1074","artifact","shovel","59c95afe1e901d0001df8c79","Is","is"
"1075","artifact","shovel","5a3fa72c1ba4960001029909","Is not","is_not"
"1076","artifact","shovel","5cc076320004360001ed90dc","Is not","is_not"
"1077","artifact","shovel","5fcad787ca46657c3d442d57","Is not","is_not"
"1078","artifact","shovel","5d4892d03eb6bf0018399498","Is not","is_not"
"1079","artifact","shovel","62a766c5899e18df9ca94d67","Both","both"
"1080","artifact","shovel","606ca47dac67cbdff9177d6b","Both","both"
"1081","artifact","shovel","62d2b86ed12d650ea7268dd7","Both","both"
"1082","artifact","shovel","62ebd8c191cf8e7fe54af5cf","Both","both"
"1083","artifact","shovel","5f3fad86c15d910261828ca9","Is not","is_not"
"1084","artifact","shovel","5ffee833adbaca5dec7426c0","Is","is"
"1085","artifact","shovel","59db44e63e5ea00001e1d163","Both","both"
"1086","artifact","shovel","60b62b9daab749081c5b88f0","Both","both"
"1087","artifact","shovel","60fbc21303c4bb03e3ba72b3","Is not","is_not"
"1088","artifact","shovel","5de7baf95d4f97726bc2b11e","Is","is"
"1089","artifact","shovel","5fdca8f20f62f41ef567186c","Both","both"
"1090","artifact","shovel","608b2f8c02e302a56addb5e4","Is","is"
"1091","artifact","shovel","60c7661114d630707fb8bd8a","Is not","is_not"
"1092","artifact","shovel","5dcc6f91e5e18690a20e74d1","Is not","is_not"
"1093","artifact","shovel","5f3eb7a8f14d1312518c5776","Both","both"
"1094","artifact","shovel","60fd20dbf7e3865f1e6aa65b","Is not","is_not"
"1095","artifact","shovel","6050cb50a965d6a6eb12361e","Is","is"
"1096","artifact","shovel","60af52990d170be944d0df18","Is not","is_not"
"1097","artifact","shovel","62e970edb3e1750e9c322417@email.prolific.co","Is not","is_not"
"1098","artifact","shovel","5f511cdb275a742f89f0b9bf","Is not","is_not"
"1099","artifact","shovel","60abfd1c0288766d6053de0d","Is","is"
"1100","artifact","shovel","5fa154fd4cbe97227182aff7","Both","both"
"1101","artifact","shovel","60a451dd76cf19ed275d3f49","Is not","is_not"
"1102","artifact","shovel","598b108e504c5200011964a1","Both","both"
"1103","control check","control honeybee","5a01f46c074b19000125133c","Is not","is_not"
"1104","control check","control honeybee","60c1e5f03dac31bd0fb91294","Is","is"
"1105","control check","control honeybee","61366473fa6785da70d75351","Is","is"
"1106","control check","control honeybee","5b4917b046cf8d0001ae4383","Both","both"
"1107","control check","control honeybee","5bd0c54825db7b00017865f2","Is not","is_not"
"1108","control check","control honeybee","60af4c6b1eabd1783a3078b5","Both","both"
"1109","control check","control honeybee","60080f67b339b627a9b7c69e","Is","is"
"1110","control check","control honeybee","5982ffdb06cd1f0001f8dda6","Is not","is_not"
"1111","control check","control honeybee","609d6d0e71d9db2825a6cc42","Both","both"
"1112","control check","control honeybee","5e904b121b79af01dbfa37cf","Both","both"
"1113","control check","control honeybee","5dcfdf449b61040e3b923621","Is not","is_not"
"1114","control check","control honeybee","610510964bd201870290e2fe","Is","is"
"1115","control check","control honeybee","60eda07f6d6e3abf23a92951","Both","both"
"1116","control check","control honeybee","5cdb487aa63838000162bc73","Is","is"
"1117","control check","control honeybee","6127c89a145f6be7b6527daa","Is not","is_not"
"1118","control check","control honeybee","5dd43922ecd14c4370d02a2e","Is not","is_not"
"1119","control check","control honeybee","60dd24581d271ea1af032339","Is not","is_not"
"1120","control check","control honeybee","5f5b89648901d82d98519918","Is not","is_not"
"1121","control check","control honeybee","59c558114374e1000125c522","Is not","is_not"
"1122","control check","control honeybee","611bdc0a559f692248bf1c54","Is not","is_not"
"1123","control check","control honeybee","62e50a9b4ea7a8e74bbbb158","Is not","is_not"
"1124","control check","control honeybee","59c95afe1e901d0001df8c79","Is","is"
"1125","control check","control honeybee","5a3fa72c1ba4960001029909","Is","is"
"1126","control check","control honeybee","5cc076320004360001ed90dc","Is not","is_not"
"1127","control check","control honeybee","5fcad787ca46657c3d442d57","Is not","is_not"
"1128","control check","control honeybee","5d4892d03eb6bf0018399498","Is not","is_not"
"1129","control check","control honeybee","62a766c5899e18df9ca94d67","Both","both"
"1130","control check","control honeybee","606ca47dac67cbdff9177d6b","Both","both"
"1131","control check","control honeybee","62d2b86ed12d650ea7268dd7","Is not","is_not"
"1132","control check","control honeybee","62ebd8c191cf8e7fe54af5cf","Both","both"
"1133","control check","control honeybee","5f3fad86c15d910261828ca9","Is","is"
"1134","control check","control honeybee","5ffee833adbaca5dec7426c0","Is","is"
"1135","control check","control honeybee","59db44e63e5ea00001e1d163","Both","both"
"1136","control check","control honeybee","60b62b9daab749081c5b88f0","Is","is"
"1137","control check","control honeybee","60fbc21303c4bb03e3ba72b3","Is","is"
"1138","control check","control honeybee","5de7baf95d4f97726bc2b11e","Is not","is_not"
"1139","control check","control honeybee","5fdca8f20f62f41ef567186c","Is not","is_not"
"1140","control check","control honeybee","608b2f8c02e302a56addb5e4","Is","is"
"1141","control check","control honeybee","60c7661114d630707fb8bd8a","Is not","is_not"
"1142","control check","control honeybee","5dcc6f91e5e18690a20e74d1","Is not","is_not"
"1143","control check","control honeybee","5f3eb7a8f14d1312518c5776","Is not","is_not"
"1144","control check","control honeybee","60fd20dbf7e3865f1e6aa65b","Is","is"
"1145","control check","control honeybee","6050cb50a965d6a6eb12361e","Is not","is_not"
"1146","control check","control honeybee","60af52990d170be944d0df18","Is not","is_not"
"1147","control check","control honeybee","62e970edb3e1750e9c322417@email.prolific.co","Both","both"
"1148","control check","control honeybee","5f511cdb275a742f89f0b9bf","Is not","is_not"
"1149","control check","control honeybee","60abfd1c0288766d6053de0d","Is","is"
"1150","control check","control honeybee","5fa154fd4cbe97227182aff7","Both","both"
"1151","control check","control honeybee","60a451dd76cf19ed275d3f49","Both","both"
"1152","control check","control honeybee","598b108e504c5200011964a1","Is not","is_not"
"1153","control check","control comedian","5a01f46c074b19000125133c","Is not","is_not"
"1154","control check","control comedian","60c1e5f03dac31bd0fb91294","Is not","is_not"
"1155","control check","control comedian","61366473fa6785da70d75351","Is","is"
"1156","control check","control comedian","5b4917b046cf8d0001ae4383","Both","both"
"1157","control check","control comedian","5bd0c54825db7b00017865f2","Is","is"
"1158","control check","control comedian","60af4c6b1eabd1783a3078b5","Is","is"
"1159","control check","control comedian","60080f67b339b627a9b7c69e","Is","is"
"1160","control check","control comedian","5982ffdb06cd1f0001f8dda6","Is","is"
"1161","control check","control comedian","609d6d0e71d9db2825a6cc42","Is","is"
"1162","control check","control comedian","5e904b121b79af01dbfa37cf","Is not","is_not"
"1163","control check","control comedian","5dcfdf449b61040e3b923621","Is","is"
"1164","control check","control comedian","610510964bd201870290e2fe","Is not","is_not"
"1165","control check","control comedian","60eda07f6d6e3abf23a92951","Is","is"
"1166","control check","control comedian","5cdb487aa63838000162bc73","Both","both"
"1167","control check","control comedian","6127c89a145f6be7b6527daa","Is","is"
"1168","control check","control comedian","5dd43922ecd14c4370d02a2e","Is","is"
"1169","control check","control comedian","60dd24581d271ea1af032339","Both","both"
"1170","control check","control comedian","5f5b89648901d82d98519918","Is","is"
"1171","control check","control comedian","59c558114374e1000125c522","Both","both"
"1172","control check","control comedian","611bdc0a559f692248bf1c54","Is not","is_not"
"1173","control check","control comedian","62e50a9b4ea7a8e74bbbb158","Is","is"
"1174","control check","control comedian","59c95afe1e901d0001df8c79","Both","both"
"1175","control check","control comedian","5a3fa72c1ba4960001029909","Is","is"
"1176","control check","control comedian","5cc076320004360001ed90dc","Is","is"
"1177","control check","control comedian","5fcad787ca46657c3d442d57","Is not","is_not"
"1178","control check","control comedian","5d4892d03eb6bf0018399498","Is","is"
"1179","control check","control comedian","62a766c5899e18df9ca94d67","Is not","is_not"
"1180","control check","control comedian","606ca47dac67cbdff9177d6b","Both","both"
"1181","control check","control comedian","62d2b86ed12d650ea7268dd7","Is","is"
"1182","control check","control comedian","62ebd8c191cf8e7fe54af5cf","Is","is"
"1183","control check","control comedian","5f3fad86c15d910261828ca9","Is","is"
"1184","control check","control comedian","5ffee833adbaca5dec7426c0","Is","is"
"1185","control check","control comedian","59db44e63e5ea00001e1d163","Is","is"
"1186","control check","control comedian","60b62b9daab749081c5b88f0","Both","both"
"1187","control check","control comedian","60fbc21303c4bb03e3ba72b3","Is","is"
"1188","control check","control comedian","5de7baf95d4f97726bc2b11e","Is not","is_not"
"1189","control check","control comedian","5fdca8f20f62f41ef567186c","Both","both"
"1190","control check","control comedian","608b2f8c02e302a56addb5e4","Is not","is_not"
"1191","control check","control comedian","60c7661114d630707fb8bd8a","Is","is"
"1192","control check","control comedian","5dcc6f91e5e18690a20e74d1","Is","is"
"1193","control check","control comedian","5f3eb7a8f14d1312518c5776","Both","both"
"1194","control check","control comedian","60fd20dbf7e3865f1e6aa65b","Is","is"
"1195","control check","control comedian","6050cb50a965d6a6eb12361e","Is","is"
"1196","control check","control comedian","60af52990d170be944d0df18","Is","is"
"1197","control check","control comedian","62e970edb3e1750e9c322417@email.prolific.co","Is","is"
"1198","control check","control comedian","5f511cdb275a742f89f0b9bf","Both","both"
"1199","control check","control comedian","60abfd1c0288766d6053de0d","Is","is"
"1200","control check","control comedian","5fa154fd4cbe97227182aff7","Both","both"
"1201","control check","control comedian","60a451dd76cf19ed275d3f49","Is","is"
"1202","control check","control comedian","598b108e504c5200011964a1","Is not","is_not"
"1203","control check","control clock","5a01f46c074b19000125133c","Is not","is_not"
"1204","control check","control clock","60c1e5f03dac31bd0fb91294","Is not","is_not"
"1205","control check","control clock","61366473fa6785da70d75351","Is not","is_not"
"1206","control check","control clock","5b4917b046cf8d0001ae4383","Both","both"
"1207","control check","control clock","5bd0c54825db7b00017865f2","Is not","is_not"
"1208","control check","control clock","60af4c6b1eabd1783a3078b5","Is not","is_not"
"1209","control check","control clock","60080f67b339b627a9b7c69e","Is not","is_not"
"1210","control check","control clock","5982ffdb06cd1f0001f8dda6","Is not","is_not"
"1211","control check","control clock","609d6d0e71d9db2825a6cc42","Is not","is_not"
"1212","control check","control clock","5e904b121b79af01dbfa37cf","Is not","is_not"
"1213","control check","control clock","5dcfdf449b61040e3b923621","Is not","is_not"
"1214","control check","control clock","610510964bd201870290e2fe","Is not","is_not"
"1215","control check","control clock","60eda07f6d6e3abf23a92951","Is not","is_not"
"1216","control check","control clock","5cdb487aa63838000162bc73","Is not","is_not"
"1217","control check","control clock","6127c89a145f6be7b6527daa","Is not","is_not"
"1218","control check","control clock","5dd43922ecd14c4370d02a2e","Is not","is_not"
"1219","control check","control clock","60dd24581d271ea1af032339","Is not","is_not"
"1220","control check","control clock","5f5b89648901d82d98519918","Is not","is_not"
"1221","control check","control clock","59c558114374e1000125c522","Is not","is_not"
"1222","control check","control clock","611bdc0a559f692248bf1c54","Is not","is_not"
"1223","control check","control clock","62e50a9b4ea7a8e74bbbb158","Is not","is_not"
"1224","control check","control clock","59c95afe1e901d0001df8c79","Is not","is_not"
"1225","control check","control clock","5a3fa72c1ba4960001029909","Is","is"
"1226","control check","control clock","5cc076320004360001ed90dc","Is not","is_not"
"1227","control check","control clock","5fcad787ca46657c3d442d57","Is not","is_not"
"1228","control check","control clock","5d4892d03eb6bf0018399498","Is not","is_not"
"1229","control check","control clock","62a766c5899e18df9ca94d67","Is not","is_not"
"1230","control check","control clock","606ca47dac67cbdff9177d6b","Is not","is_not"
"1231","control check","control clock","62d2b86ed12d650ea7268dd7","Both","both"
"1232","control check","control clock","62ebd8c191cf8e7fe54af5cf","Is not","is_not"
"1233","control check","control clock","5f3fad86c15d910261828ca9","Is not","is_not"
"1234","control check","control clock","5ffee833adbaca5dec7426c0","Is not","is_not"
"1235","control check","control clock","59db44e63e5ea00001e1d163","Is not","is_not"
"1236","control check","control clock","60b62b9daab749081c5b88f0","Is not","is_not"
"1237","control check","control clock","60fbc21303c4bb03e3ba72b3","Is not","is_not"
"1238","control check","control clock","5de7baf95d4f97726bc2b11e","Is","is"
"1239","control check","control clock","5fdca8f20f62f41ef567186c","Both","both"
"1240","control check","control clock","608b2f8c02e302a56addb5e4","Both","both"
"1241","control check","control clock","60c7661114d630707fb8bd8a","Is not","is_not"
"1242","control check","control clock","5dcc6f91e5e18690a20e74d1","Is not","is_not"
"1243","control check","control clock","5f3eb7a8f14d1312518c5776","Is not","is_not"
"1244","control check","control clock","60fd20dbf7e3865f1e6aa65b","Is not","is_not"
"1245","control check","control clock","6050cb50a965d6a6eb12361e","Is not","is_not"
"1246","control check","control clock","60af52990d170be944d0df18","Is not","is_not"
"1247","control check","control clock","62e970edb3e1750e9c322417@email.prolific.co","Is not","is_not"
"1248","control check","control clock","5f511cdb275a742f89f0b9bf","Is not","is_not"
"1249","control check","control clock","60abfd1c0288766d6053de0d","Both","both"
"1250","control check","control clock","5fa154fd4cbe97227182aff7","Both","both"
"1251","control check","control clock","60a451dd76cf19ed275d3f49","Both","both"
"1252","control check","control clock","598b108e504c5200011964a1","Is not","is_not"
